2017-09-13T18:00:09.757149,5C:CF:7F:4C:60:B7,91.25,44.05
2017-09-13T18:00:22.692555,5C:CF:7F:4C:5F:2B,93.87,40.91
2017-09-13T18:00:27.783931,5C:CF:7F:33:F7:F8,84.52,53.71
2017-09-13T18:00:28.014974,2C:3A:E8:0E:DE:A0,89.70,45.90
2017-09-13T18:00:28.163436,5C:CF:7F:34:00:63,90.55,44.14
2017-09-13T18:00:40.386469,5C:CF:7F:4C:60:B7,90.98,44.35
2017-09-13T18:01:04.732899,5C:CF:7F:4C:5F:2B,94.05,40.78
2017-09-13T18:01:08.480881,5C:CF:7F:34:00:63,90.48,44.16
2017-09-13T18:01:08.482607,5C:CF:7F:33:F7:F8,84.42,53.78
2017-09-13T18:01:08.484292,2C:3A:E8:0E:DE:A0,89.80,45.76
2017-09-13T18:01:11.049649,5C:CF:7F:4C:60:B7,91.10,44.21
2017-09-13T18:01:30.085932,5C:CF:7F:34:00:63,90.48,44.07
2017-09-13T18:01:30.097558,5C:CF:7F:33:F7:F8,84.39,53.72
2017-09-13T18:01:30.113488,2C:3A:E8:0E:DE:A0,89.49,45.94
2017-09-13T18:01:39.100857,5C:CF:7F:4C:5F:2B,93.39,41.28
2017-09-13T18:01:44.384280,5C:CF:7F:4C:60:B7,91.10,44.12
2017-09-13T18:02:03.778520,5C:CF:7F:34:00:63,90.48,44.13
2017-09-13T18:02:03.782725,5C:CF:7F:33:F7:F8,84.29,53.89
2017-09-13T18:02:03.784301,2C:3A:E8:0E:DE:A0,89.04,46.36
2017-09-13T18:02:14.694142,5C:CF:7F:4C:60:B7,91.03,44.21
2017-09-13T18:02:15.052790,5C:CF:7F:4C:5F:2B,92.67,41.82
2017-09-13T18:02:35.307623,2C:3A:E8:0E:DE:A0,88.53,46.92
2017-09-13T18:02:35.351556,5C:CF:7F:34:00:63,90.15,44.52
2017-09-13T18:02:35.420053,5C:CF:7F:33:F7:F8,84.19,54.00
2017-09-13T18:02:45.468251,5C:CF:7F:4C:60:B7,91.03,44.24
2017-09-13T18:02:48.057816,5C:CF:7F:4C:5F:2B,91.54,43.02
2017-09-13T18:03:15.970547,5C:CF:7F:34:00:63,90.32,44.33
2017-09-13T18:03:15.978223,2C:3A:E8:0E:DE:A0,88.53,46.99
2017-09-13T18:03:18.357259,5C:CF:7F:33:F7:F8,84.34,53.87
2017-09-13T18:03:18.361637,5C:CF:7F:4C:60:B7,91.10,44.06
2017-09-13T18:03:18.724122,5C:CF:7F:4C:5F:2B,92.02,42.67
2017-09-13T18:03:46.839943,2C:3A:E8:0E:DE:A0,89.12,46.38
2017-09-13T18:03:46.873373,5C:CF:7F:34:00:63,90.37,44.28
2017-09-13T18:03:48.812971,5C:CF:7F:4C:60:B7,91.03,44.17
2017-09-13T18:03:49.010135,5C:CF:7F:33:F7:F8,84.45,53.66
2017-09-13T18:03:49.371231,5C:CF:7F:4C:5F:2B,92.50,42.24
2017-09-13T18:04:19.720958,2C:3A:E8:0E:DE:A0,88.86,46.79
2017-09-13T18:04:19.728538,5C:CF:7F:34:00:63,90.45,44.15
2017-09-13T18:04:21.884335,5C:CF:7F:4C:60:B7,90.98,44.27
2017-09-13T18:04:21.945992,5C:CF:7F:33:F7:F8,84.39,53.81
2017-09-13T18:04:21.951274,5C:CF:7F:4C:5F:2B,91.86,42.66
2017-09-13T18:04:50.663059,5C:CF:7F:34:00:63,90.42,44.14
2017-09-13T18:04:50.739168,2C:3A:E8:0E:DE:A0,88.81,46.75
2017-09-13T18:04:52.434282,5C:CF:7F:4C:5F:2B,91.84,42.71
2017-09-13T18:04:52.507943,5C:CF:7F:4C:60:B7,91.08,44.16
2017-09-13T18:04:52.581177,5C:CF:7F:33:F7:F8,84.42,53.79
2017-09-13T18:05:21.330196,2C:3A:E8:0E:DE:A0,89.02,46.50
2017-09-13T18:05:21.650440,5C:CF:7F:34:00:63,90.35,44.24
2017-09-13T18:05:25.313927,5C:CF:7F:4C:5F:2B,92.83,42.00
2017-09-13T18:05:26.005075,5C:CF:7F:4C:60:B7,91.00,44.25
2017-09-13T18:05:26.016265,5C:CF:7F:33:F7:F8,84.42,53.73
2017-09-13T18:05:52.297817,2C:3A:E8:0E:DE:A0,89.17,46.30
2017-09-13T18:05:52.334910,5C:CF:7F:34:00:63,90.19,44.43
2017-09-13T18:05:55.945101,5C:CF:7F:4C:5F:2B,92.98,41.54
2017-09-13T18:05:56.241734,5C:CF:7F:33:F7:F8,84.29,53.88
2017-09-13T18:05:56.817363,5C:CF:7F:4C:60:B7,90.85,44.43
2017-09-13T18:06:28.226341,2C:3A:E8:0E:DE:A0,89.04,46.54
2017-09-13T18:06:33.309158,5C:CF:7F:34:00:63,90.30,44.37
2017-09-13T18:06:33.314928,5C:CF:7F:4C:5F:2B,93.11,41.48
2017-09-13T18:06:33.316560,5C:CF:7F:33:F7:F8,84.24,54.02
2017-09-13T18:06:33.317685,5C:CF:7F:4C:60:B7,90.92,44.40
2017-09-13T18:06:57.603937,5C:CF:7F:4C:5F:2B,92.42,42.12
2017-09-13T18:06:59.950877,5C:CF:7F:33:F7:F8,84.21,54.01
2017-09-13T18:07:00.003862,5C:CF:7F:4C:60:B7,91.03,44.25
2017-09-13T18:07:00.692281,2C:3A:E8:0E:DE:A0,88.68,46.86
2017-09-13T18:07:03.938607,5C:CF:7F:34:00:63,90.40,44.21
2017-09-13T18:07:28.540548,5C:CF:7F:4C:5F:2B,93.18,41.63
2017-09-13T18:07:30.596755,5C:CF:7F:33:F7:F8,84.32,53.94
2017-09-13T18:07:30.658281,5C:CF:7F:4C:60:B7,90.72,44.55
2017-09-13T18:07:31.728925,2C:3A:E8:0E:DE:A0,89.02,46.68
2017-09-13T18:07:39.751823,5C:CF:7F:34:00:63,90.58,44.18
2017-09-13T18:07:59.727637,5C:CF:7F:4C:5F:2B,93.06,41.56
2017-09-13T18:08:01.367245,5C:CF:7F:33:F7:F8,84.37,53.84
2017-09-13T18:08:01.482241,5C:CF:7F:4C:60:B7,90.88,44.39
2017-09-13T18:08:02.368139,2C:3A:E8:0E:DE:A0,88.86,46.57
2017-09-13T18:08:10.409610,5C:CF:7F:34:00:63,90.55,44.00
2017-09-13T18:08:33.437396,2C:3A:E8:0E:DE:A0,89.17,46.47
2017-09-13T18:08:33.443867,5C:CF:7F:4C:60:B7,91.13,44.14
2017-09-13T18:08:33.445469,5C:CF:7F:4C:5F:2B,92.88,41.82
2017-09-13T18:08:33.982886,5C:CF:7F:33:F7:F8,84.42,53.76
2017-09-13T18:08:41.121394,5C:CF:7F:34:00:63,90.53,43.98
2017-09-13T18:09:04.079384,5C:CF:7F:4C:5F:2B,93.31,41.29
2017-09-13T18:09:04.086395,2C:3A:E8:0E:DE:A0,89.88,45.64
2017-09-13T18:09:04.092789,5C:CF:7F:4C:60:B7,90.95,44.35
2017-09-13T18:09:04.638347,5C:CF:7F:33:F7:F8,84.65,53.52
2017-09-13T18:09:12.026454,5C:CF:7F:34:00:63,90.53,44.06
2017-09-13T18:09:44.804084,5C:CF:7F:4C:5F:2B,93.28,41.48
2017-09-13T18:09:44.854078,5C:CF:7F:4C:60:B7,90.95,44.31
2017-09-13T18:09:44.958653,2C:3A:E8:0E:DE:A0,89.59,45.94
2017-09-13T18:09:44.973197,5C:CF:7F:33:F7:F8,84.60,53.63
2017-09-13T18:09:44.974654,5C:CF:7F:34:00:63,90.61,44.03
2017-09-13T18:10:09.845860,5C:CF:7F:4C:60:B7,91.08,44.20
2017-09-13T18:10:10.623484,5C:CF:7F:33:F7:F8,84.45,53.73
2017-09-13T18:10:14.430304,5C:CF:7F:34:00:63,90.63,43.96
2017-09-13T18:10:15.531844,5C:CF:7F:4C:5F:2B,93.06,41.48
2017-09-13T18:10:18.161173,2C:3A:E8:0E:DE:A0,89.14,46.38
2017-09-13T18:10:40.460963,5C:CF:7F:4C:60:B7,91.15,44.10
2017-09-13T18:10:41.359064,5C:CF:7F:33:F7:F8,84.52,53.62
2017-09-13T18:10:55.255558,5C:CF:7F:34:00:63,90.61,43.96
2017-09-13T18:10:55.260735,5C:CF:7F:4C:5F:2B,92.80,41.91
2017-09-13T18:10:55.262475,2C:3A:E8:0E:DE:A0,89.29,46.20
2017-09-13T18:11:11.536158,5C:CF:7F:4C:60:B7,91.13,44.12
2017-09-13T18:11:12.046031,5C:CF:7F:33:F7:F8,84.39,53.73
2017-09-13T18:11:19.280681,5C:CF:7F:4C:5F:2B,92.85,41.77
2017-09-13T18:11:19.421274,2C:3A:E8:0E:DE:A0,88.71,46.76
2017-09-13T18:11:49.012667,5C:CF:7F:34:00:63,90.51,44.06
2017-09-13T18:11:49.014542,5C:CF:7F:33:F7:F8,84.52,53.69
2017-09-13T18:11:49.016163,5C:CF:7F:4C:60:B7,91.25,44.01
2017-09-13T18:11:49.922880,5C:CF:7F:4C:5F:2B,92.98,41.75
2017-09-13T18:11:50.132087,2C:3A:E8:0E:DE:A0,89.37,46.26
2017-09-13T18:12:26.073040,5C:CF:7F:33:F7:F8,84.68,53.39
2017-09-13T18:12:26.081142,5C:CF:7F:4C:60:B7,91.08,44.14
2017-09-13T18:12:26.082928,5C:CF:7F:34:00:63,90.53,44.07
2017-09-13T18:12:26.084594,5C:CF:7F:4C:5F:2B,92.32,42.31
2017-09-13T18:12:30.807560,2C:3A:E8:0E:DE:A0,89.47,46.04
2017-09-13T18:12:46.796556,5C:CF:7F:4C:60:B7,90.90,44.24
2017-09-13T18:12:57.260146,5C:CF:7F:34:00:63,90.51,44.07
2017-09-13T18:12:57.266724,5C:CF:7F:4C:5F:2B,92.29,42.31
2017-09-13T18:12:57.268499,5C:CF:7F:33:F7:F8,84.73,53.34
2017-09-13T18:13:11.434357,2C:3A:E8:0E:DE:A0,89.55,46.09
2017-09-13T18:13:17.446616,5C:CF:7F:4C:60:B7,90.92,44.33
2017-09-13T18:13:23.736237,5C:CF:7F:4C:5F:2B,92.57,42.04
2017-09-13T18:13:27.575857,5C:CF:7F:33:F7:F8,84.73,53.37
2017-09-13T18:13:27.966042,5C:CF:7F:34:00:63,90.45,44.08
2017-09-13T18:13:42.086199,2C:3A:E8:0E:DE:A0,88.96,46.53
2017-09-13T18:13:48.113210,5C:CF:7F:4C:60:B7,90.92,44.33
2017-09-13T18:14:09.403290,5C:CF:7F:4C:5F:2B,92.65,42.07
2017-09-13T18:14:09.620930,5C:CF:7F:34:00:63,90.35,44.21
2017-09-13T18:14:09.813532,5C:CF:7F:33:F7:F8,84.78,53.32
2017-09-13T18:14:12.722688,2C:3A:E8:0E:DE:A0,89.47,46.01
2017-09-13T18:14:18.764697,5C:CF:7F:4C:60:B7,91.05,44.20
2017-09-13T18:14:40.020268,5C:CF:7F:4C:5F:2B,93.34,41.38
2017-09-13T18:14:45.890546,5C:CF:7F:34:00:63,90.42,44.21
2017-09-13T18:14:45.894896,2C:3A:E8:0E:DE:A0,89.65,45.89
2017-09-13T18:14:45.896659,5C:CF:7F:33:F7:F8,85.08,53.00
2017-09-13T18:14:49.399641,5C:CF:7F:4C:60:B7,91.08,44.21
2017-09-13T18:15:12.960089,5C:CF:7F:4C:5F:2B,92.50,41.86
2017-09-13T18:15:15.896875,2C:3A:E8:0E:DE:A0,89.09,46.28
2017-09-13T18:15:16.070907,5C:CF:7F:33:F7:F8,85.36,52.61
2017-09-13T18:15:26.529404,5C:CF:7F:34:00:63,90.32,44.32
2017-09-13T18:15:26.534562,5C:CF:7F:4C:60:B7,91.03,44.24
2017-09-13T18:15:53.593137,5C:CF:7F:4C:5F:2B,92.32,42.13
2017-09-13T18:15:53.598802,5C:CF:7F:33:F7:F8,86.12,51.68
2017-09-13T18:15:53.600524,2C:3A:E8:0E:DE:A0,89.22,46.13
2017-09-13T18:15:53.602124,5C:CF:7F:4C:60:B7,91.00,44.21
2017-09-13T18:15:57.388398,5C:CF:7F:34:00:63,90.40,44.18
2017-09-13T18:16:18.325386,5C:CF:7F:33:F7:F8,86.75,51.04
2017-09-13T18:16:19.044283,2C:3A:E8:0E:DE:A0,89.39,46.14
2017-09-13T18:16:23.555255,5C:CF:7F:4C:60:B7,91.05,44.14
2017-09-13T18:16:24.260316,5C:CF:7F:4C:5F:2B,92.47,42.25
2017-09-13T18:16:38.010745,5C:CF:7F:34:00:63,90.61,43.96
2017-09-13T18:16:49.007826,5C:CF:7F:33:F7:F8,87.06,50.54
2017-09-13T18:16:49.689514,2C:3A:E8:0E:DE:A0,89.42,45.99
2017-09-13T18:16:54.320527,5C:CF:7F:4C:60:B7,90.90,44.29
2017-09-13T18:17:09.887804,5C:CF:7F:4C:5F:2B,92.73,41.81
2017-09-13T18:17:09.894855,5C:CF:7F:34:00:63,90.48,44.08
2017-09-13T18:17:19.628762,5C:CF:7F:33:F7:F8,87.31,50.15
2017-09-13T18:17:20.311401,2C:3A:E8:0E:DE:A0,89.02,46.24
2017-09-13T18:17:24.947489,5C:CF:7F:4C:60:B7,90.98,44.22
2017-09-13T18:17:39.488807,5C:CF:7F:34:00:63,90.45,44.00
2017-09-13T18:17:40.544856,5C:CF:7F:4C:5F:2B,93.18,41.54
2017-09-13T18:17:50.272662,5C:CF:7F:33:F7:F8,87.85,49.66
2017-09-13T18:17:50.964663,2C:3A:E8:0E:DE:A0,89.29,46.24
2017-09-13T18:17:55.703962,5C:CF:7F:4C:60:B7,91.08,44.08
2017-09-13T18:18:10.182100,5C:CF:7F:34:00:63,90.45,44.00
2017-09-13T18:18:11.178295,5C:CF:7F:4C:5F:2B,92.85,41.56
2017-09-13T18:18:21.010450,5C:CF:7F:33:F7:F8,88.43,49.04
2017-09-13T18:18:21.608050,2C:3A:E8:0E:DE:A0,89.34,46.13
2017-09-13T18:18:26.339121,5C:CF:7F:4C:60:B7,91.23,43.93
2017-09-13T18:18:40.831703,5C:CF:7F:34:00:63,90.51,43.98
2017-09-13T18:18:41.819022,5C:CF:7F:4C:5F:2B,93.21,41.34
2017-09-13T18:18:51.632907,5C:CF:7F:33:F7:F8,88.63,48.51
2017-09-13T18:18:52.349937,2C:3A:E8:0E:DE:A0,89.34,45.94
2017-09-13T18:18:57.006320,5C:CF:7F:4C:60:B7,91.15,44.07
2017-09-13T18:19:11.472683,5C:CF:7F:34:00:63,90.40,44.12
2017-09-13T18:19:12.509776,5C:CF:7F:4C:5F:2B,93.21,41.40
2017-09-13T18:19:22.259898,5C:CF:7F:33:F7:F8,88.96,48.39
2017-09-13T18:19:22.993131,2C:3A:E8:0E:DE:A0,89.39,46.11
2017-09-13T18:19:27.658359,5C:CF:7F:4C:60:B7,91.08,44.02
2017-09-13T18:19:42.220463,5C:CF:7F:34:00:63,90.27,44.27
2017-09-13T18:19:43.138812,5C:CF:7F:4C:5F:2B,92.67,41.90
2017-09-13T18:19:52.893497,5C:CF:7F:33:F7:F8,89.17,48.06
2017-09-13T18:19:53.624836,2C:3A:E8:0E:DE:A0,89.29,46.13
2017-09-13T18:19:58.796069,5C:CF:7F:4C:60:B7,91.00,44.06
2017-09-13T18:20:12.850323,5C:CF:7F:34:00:63,90.53,44.01
2017-09-13T18:20:13.759088,5C:CF:7F:4C:5F:2B,92.60,41.97
2017-09-13T18:20:23.531312,5C:CF:7F:33:F7:F8,89.19,47.93
2017-09-13T18:20:34.240411,2C:3A:E8:0E:DE:A0,89.14,46.22
2017-09-13T18:20:34.244917,5C:CF:7F:4C:60:B7,91.03,44.09
2017-09-13T18:20:53.660517,5C:CF:7F:34:00:63,90.51,43.94
2017-09-13T18:20:53.666105,5C:CF:7F:4C:5F:2B,91.76,42.63
2017-09-13T18:20:54.157941,5C:CF:7F:33:F7:F8,89.14,47.91
2017-09-13T18:21:00.968346,5C:CF:7F:4C:60:B7,91.03,44.10
2017-09-13T18:21:04.874045,2C:3A:E8:0E:DE:A0,89.14,46.38
2017-09-13T18:21:17.365524,5C:CF:7F:4C:5F:2B,92.35,42.18
2017-09-13T18:21:24.325772,5C:CF:7F:34:00:63,90.48,44.00
2017-09-13T18:21:29.808298,5C:CF:7F:33:F7:F8,89.37,47.77
2017-09-13T18:21:31.634599,5C:CF:7F:4C:60:B7,90.98,44.16
2017-09-13T18:21:35.535426,2C:3A:E8:0E:DE:A0,89.27,46.11
2017-09-13T18:22:03.008566,5C:CF:7F:4C:5F:2B,93.11,41.40
2017-09-13T18:22:03.012920,5C:CF:7F:34:00:63,90.61,43.81
2017-09-13T18:22:03.014570,5C:CF:7F:33:F7:F8,89.91,47.29
2017-09-13T18:22:03.016849,5C:CF:7F:4C:60:B7,91.15,43.95
2017-09-13T18:22:06.171079,2C:3A:E8:0E:DE:A0,89.55,45.68
2017-09-13T18:22:27.743945,5C:CF:7F:34:00:63,90.53,43.87
2017-09-13T18:22:31.361025,5C:CF:7F:33:F7:F8,89.83,47.32
2017-09-13T18:22:32.970121,5C:CF:7F:4C:60:B7,91.15,43.95
2017-09-13T18:22:33.742847,5C:CF:7F:4C:5F:2B,92.37,42.01
2017-09-13T18:22:36.900515,2C:3A:E8:0E:DE:A0,89.34,46.01
2017-09-13T18:23:08.383240,5C:CF:7F:34:00:63,90.53,43.88
2017-09-13T18:23:08.387364,5C:CF:7F:4C:60:B7,91.15,43.89
2017-09-13T18:23:08.389011,5C:CF:7F:33:F7:F8,89.85,47.13
2017-09-13T18:23:08.390636,5C:CF:7F:4C:5F:2B,92.09,42.28
2017-09-13T18:23:08.392309,2C:3A:E8:0E:DE:A0,89.02,46.19
2017-09-13T18:23:34.400695,5C:CF:7F:4C:60:B7,91.03,43.97
2017-09-13T18:23:34.940132,5C:CF:7F:33:F7:F8,89.49,47.45
2017-09-13T18:23:35.073824,5C:CF:7F:4C:5F:2B,91.81,42.49
2017-09-13T18:23:38.569443,2C:3A:E8:0E:DE:A0,88.71,46.55
2017-09-13T18:23:39.028952,5C:CF:7F:34:00:63,90.30,44.11
2017-09-13T18:24:05.045248,5C:CF:7F:4C:60:B7,91.00,44.05
2017-09-13T18:24:08.650425,5C:CF:7F:33:F7:F8,89.27,47.66
2017-09-13T18:24:08.654585,5C:CF:7F:4C:5F:2B,92.12,42.43
2017-09-13T18:24:09.193625,2C:3A:E8:0E:DE:A0,89.22,46.05
2017-09-13T18:24:09.662141,5C:CF:7F:34:00:63,90.22,44.18
2017-09-13T18:24:35.730130,5C:CF:7F:4C:60:B7,90.98,44.03
2017-09-13T18:24:39.326142,5C:CF:7F:4C:5F:2B,92.09,42.37
2017-09-13T18:24:39.379721,5C:CF:7F:33:F7:F8,88.56,48.42
2017-09-13T18:24:39.834632,2C:3A:E8:0E:DE:A0,88.99,46.19
2017-09-13T18:24:40.360293,5C:CF:7F:34:00:63,90.15,44.25
2017-09-13T18:25:09.455900,5C:CF:7F:4C:60:B7,90.90,44.21
2017-09-13T18:25:12.937880,5C:CF:7F:4C:5F:2B,91.86,42.54
2017-09-13T18:25:12.942636,2C:3A:E8:0E:DE:A0,88.61,46.67
2017-09-13T18:25:12.944334,5C:CF:7F:34:00:63,90.05,44.37
2017-09-13T18:25:12.946104,5C:CF:7F:33:F7:F8,87.85,49.24
2017-09-13T18:25:40.129426,5C:CF:7F:4C:60:B7,90.78,44.28
2017-09-13T18:25:42.525793,2C:3A:E8:0E:DE:A0,88.89,46.43
2017-09-13T18:25:44.658811,5C:CF:7F:34:00:63,90.22,44.23
2017-09-13T18:25:44.662885,5C:CF:7F:4C:5F:2B,92.27,42.25
2017-09-13T18:25:44.699027,5C:CF:7F:33:F7:F8,87.46,49.65
2017-09-13T18:26:10.818386,5C:CF:7F:4C:60:B7,90.82,44.23
2017-09-13T18:26:23.439663,2C:3A:E8:0E:DE:A0,89.14,46.17
2017-09-13T18:26:23.447748,5C:CF:7F:4C:5F:2B,93.01,41.46
2017-09-13T18:26:23.449433,5C:CF:7F:34:00:63,90.25,44.20
2017-09-13T18:26:23.450989,5C:CF:7F:33:F7:F8,87.04,50.20
2017-09-13T18:26:56.502591,5C:CF:7F:4C:60:B7,90.88,44.25
2017-09-13T18:26:56.513305,5C:CF:7F:33:F7:F8,86.86,50.37
2017-09-13T18:26:56.514946,5C:CF:7F:4C:5F:2B,92.88,41.51
2017-09-13T18:26:56.516590,5C:CF:7F:34:00:63,90.40,44.00
2017-09-13T18:26:56.518259,2C:3A:E8:0E:DE:A0,89.17,46.09
2017-09-13T18:27:18.547348,5C:CF:7F:33:F7:F8,86.50,50.76
2017-09-13T18:27:18.607749,5C:CF:7F:4C:5F:2B,92.70,41.76
2017-09-13T18:27:18.733903,5C:CF:7F:34:00:63,90.51,43.88
2017-09-13T18:27:24.743337,2C:3A:E8:0E:DE:A0,89.22,46.10
2017-09-13T18:27:37.200646,5C:CF:7F:4C:60:B7,90.90,44.05
2017-09-13T18:27:49.176397,5C:CF:7F:33:F7:F8,86.09,51.25
2017-09-13T18:27:51.890156,5C:CF:7F:4C:5F:2B,91.56,42.74
2017-09-13T18:27:52.371638,5C:CF:7F:34:00:63,90.19,44.17
2017-09-13T18:27:55.603367,2C:3A:E8:0E:DE:A0,88.94,46.41
2017-09-13T18:28:07.914975,5C:CF:7F:4C:60:B7,90.75,44.27
2017-09-13T18:28:29.792942,5C:CF:7F:33:F7:F8,85.82,51.58
2017-09-13T18:28:29.798033,5C:CF:7F:34:00:63,90.42,43.97
2017-09-13T18:28:29.799731,5C:CF:7F:4C:5F:2B,92.22,42.28
2017-09-13T18:28:29.801523,2C:3A:E8:0E:DE:A0,89.19,46.22
2017-09-13T18:29:01.792893,5C:CF:7F:4C:60:B7,90.88,44.16
2017-09-13T18:29:01.794796,5C:CF:7F:4C:5F:2B,92.78,41.65
2017-09-13T18:29:01.796608,5C:CF:7F:34:00:63,90.22,44.09
2017-09-13T18:29:01.798272,2C:3A:E8:0E:DE:A0,89.06,46.10
2017-09-13T18:29:01.799870,5C:CF:7F:33:F7:F8,85.67,51.93
2017-09-13T18:29:35.652288,5C:CF:7F:4C:5F:2B,92.29,41.85
2017-09-13T18:29:35.656411,5C:CF:7F:34:00:63,90.27,44.09
2017-09-13T18:29:35.657491,2C:3A:E8:0E:DE:A0,88.76,46.46
2017-09-13T18:29:35.658564,5C:CF:7F:33:F7:F8,85.51,52.02
2017-09-13T18:29:35.659624,5C:CF:7F:4C:60:B7,90.98,43.99
2017-09-13T18:29:58.832460,5C:CF:7F:34:00:63,90.42,44.03
2017-09-13T18:29:59.362428,2C:3A:E8:0E:DE:A0,88.96,46.39
2017-09-13T18:30:01.743945,5C:CF:7F:33:F7:F8,85.51,52.06
2017-09-13T18:30:03.111553,5C:CF:7F:4C:60:B7,90.95,44.07
2017-09-13T18:30:06.266480,5C:CF:7F:4C:5F:2B,92.27,42.25
2017-09-13T18:30:29.689754,5C:CF:7F:34:00:63,90.45,43.95
2017-09-13T18:30:30.029387,2C:3A:E8:0E:DE:A0,89.04,46.12
2017-09-13T18:30:32.365358,5C:CF:7F:33:F7:F8,85.16,52.40
2017-09-13T18:30:33.765269,5C:CF:7F:4C:60:B7,90.88,44.12
2017-09-13T18:30:36.883648,5C:CF:7F:4C:5F:2B,92.85,41.61
2017-09-13T18:31:03.261069,5C:CF:7F:34:00:63,90.51,43.85
2017-09-13T18:31:03.398979,5C:CF:7F:33:F7:F8,85.06,52.64
2017-09-13T18:31:03.529176,2C:3A:E8:0E:DE:A0,89.09,46.25
2017-09-13T18:31:04.453445,5C:CF:7F:4C:60:B7,91.15,43.97
2017-09-13T18:31:07.505178,5C:CF:7F:4C:5F:2B,93.26,41.06
2017-09-13T18:31:33.914130,5C:CF:7F:34:00:63,90.48,43.80
2017-09-13T18:31:36.910712,5C:CF:7F:33:F7:F8,84.98,52.61
2017-09-13T18:31:36.914748,2C:3A:E8:0E:DE:A0,89.27,45.86
2017-09-13T18:31:36.916309,5C:CF:7F:4C:60:B7,91.08,43.92
2017-09-13T18:31:38.169281,5C:CF:7F:4C:5F:2B,93.34,41.08
2017-09-13T18:32:04.557430,5C:CF:7F:34:00:63,90.37,44.00
2017-09-13T18:32:09.090697,5C:CF:7F:4C:60:B7,91.20,43.80
2017-09-13T18:32:09.819636,2C:3A:E8:0E:DE:A0,89.19,46.09
2017-09-13T18:32:09.823764,5C:CF:7F:4C:5F:2B,92.78,41.58
2017-09-13T18:32:09.825540,5C:CF:7F:33:F7:F8,85.03,52.60
2017-09-13T18:32:35.337213,5C:CF:7F:34:00:63,90.19,44.15
2017-09-13T18:32:41.919613,5C:CF:7F:4C:5F:2B,92.83,41.52
2017-09-13T18:32:42.153997,5C:CF:7F:4C:60:B7,91.05,43.92
2017-09-13T18:32:42.168118,2C:3A:E8:0E:DE:A0,89.19,46.07
2017-09-13T18:32:42.186010,5C:CF:7F:33:F7:F8,84.80,52.98
2017-09-13T18:33:05.957014,5C:CF:7F:34:00:63,90.02,44.41
2017-09-13T18:33:14.764237,5C:CF:7F:4C:5F:2B,92.78,41.74
2017-09-13T18:33:14.768352,5C:CF:7F:4C:60:B7,91.10,43.87
2017-09-13T18:33:14.770016,2C:3A:E8:0E:DE:A0,89.34,45.98
2017-09-13T18:33:14.771621,5C:CF:7F:33:F7:F8,84.90,52.81
2017-09-13T18:33:36.580039,5C:CF:7F:34:00:63,90.17,44.23
2017-09-13T18:33:47.091370,5C:CF:7F:4C:5F:2B,93.08,41.35
2017-09-13T18:33:47.099200,2C:3A:E8:0E:DE:A0,89.47,45.82
2017-09-13T18:33:47.126071,5C:CF:7F:4C:60:B7,91.00,44.00
2017-09-13T18:33:47.132735,5C:CF:7F:33:F7:F8,84.88,52.72
2017-09-13T18:34:07.253553,5C:CF:7F:34:00:63,90.30,44.06
2017-09-13T18:34:19.463351,5C:CF:7F:4C:60:B7,90.92,44.00
2017-09-13T18:34:19.749952,2C:3A:E8:0E:DE:A0,89.19,46.00
2017-09-13T18:34:19.754566,5C:CF:7F:33:F7:F8,84.80,52.88
2017-09-13T18:34:19.756161,5C:CF:7F:4C:5F:2B,92.32,41.86
2017-09-13T18:34:37.882824,5C:CF:7F:34:00:63,90.35,44.03
2017-09-13T18:34:52.197184,5C:CF:7F:4C:60:B7,90.95,43.92
2017-09-13T18:34:52.208611,5C:CF:7F:4C:5F:2B,92.47,41.82
2017-09-13T18:34:52.210047,2C:3A:E8:0E:DE:A0,89.22,45.92
2017-09-13T18:34:52.211472,5C:CF:7F:33:F7:F8,84.68,52.96
2017-09-13T18:35:08.538559,5C:CF:7F:34:00:63,90.45,43.91
2017-09-13T18:35:24.941181,5C:CF:7F:4C:5F:2B,92.50,41.68
2017-09-13T18:35:24.948984,2C:3A:E8:0E:DE:A0,89.37,45.67
2017-09-13T18:35:24.951247,5C:CF:7F:33:F7:F8,84.63,53.04
2017-09-13T18:35:24.952677,5C:CF:7F:4C:60:B7,90.92,43.93
2017-09-13T18:35:39.233661,5C:CF:7F:34:00:63,90.32,43.99
2017-09-13T18:36:09.862002,5C:CF:7F:33:F7:F8,84.47,53.29
2017-09-13T18:36:09.866222,2C:3A:E8:0E:DE:A0,89.34,45.83
2017-09-13T18:36:09.867708,5C:CF:7F:4C:60:B7,90.78,44.18
2017-09-13T18:36:09.869269,5C:CF:7F:4C:5F:2B,93.64,40.88
2017-09-13T18:36:09.870753,5C:CF:7F:34:00:63,90.42,43.91
2017-09-13T18:36:40.411522,5C:CF:7F:4C:60:B7,91.05,43.92
2017-09-13T18:36:40.427646,5C:CF:7F:4C:5F:2B,92.85,41.35
2017-09-13T18:36:44.445796,2C:3A:E8:0E:DE:A0,89.44,45.73
2017-09-13T18:36:44.549849,5C:CF:7F:34:00:63,90.66,43.70
2017-09-13T18:36:44.556758,5C:CF:7F:33:F7:F8,84.60,53.14
2017-09-13T18:37:12.864496,5C:CF:7F:4C:60:B7,90.62,44.26
2017-09-13T18:37:18.677450,5C:CF:7F:4C:5F:2B,91.99,42.20
2017-09-13T18:37:19.683613,5C:CF:7F:34:00:63,90.61,43.69
2017-09-13T18:37:19.875392,5C:CF:7F:33:F7:F8,84.32,53.46
2017-09-13T18:37:19.879569,2C:3A:E8:0E:DE:A0,89.24,45.91
2017-09-13T18:37:43.487806,5C:CF:7F:4C:60:B7,90.72,44.21
2017-09-13T18:37:59.417867,5C:CF:7F:4C:5F:2B,92.32,42.11
2017-09-13T18:37:59.471026,2C:3A:E8:0E:DE:A0,89.73,45.57
2017-09-13T18:38:22.509412,5C:CF:7F:34:00:63,90.68,43.62
2017-09-13T18:38:22.511115,5C:CF:7F:33:F7:F8,84.49,53.32
2017-09-13T18:38:22.512798,5C:CF:7F:4C:60:B7,90.78,44.17
2017-09-13T18:38:23.830784,5C:CF:7F:33:F7:F8,84.37,53.38
2017-09-13T18:38:24.838504,5C:CF:7F:34:00:63,90.71,43.52
2017-09-13T18:38:30.061674,5C:CF:7F:4C:5F:2B,92.19,42.05
2017-09-13T18:38:57.433688,2C:3A:E8:0E:DE:A0,88.84,46.27
2017-09-13T18:38:57.438193,5C:CF:7F:4C:60:B7,90.85,44.12
2017-09-13T18:38:57.439896,5C:CF:7F:33:F7:F8,84.39,53.45
2017-09-13T18:38:57.441240,5C:CF:7F:34:00:63,90.55,43.74
2017-09-13T18:39:00.691649,5C:CF:7F:4C:5F:2B,92.80,41.57
2017-09-13T18:39:32.186084,5C:CF:7F:4C:60:B7,91.03,43.87
2017-09-13T18:39:32.190432,2C:3A:E8:0E:DE:A0,89.65,45.52
2017-09-13T18:39:32.192057,5C:CF:7F:33:F7:F8,84.52,53.21
2017-09-13T18:39:32.193625,5C:CF:7F:34:00:63,90.63,43.64
2017-09-13T18:39:32.195118,5C:CF:7F:4C:5F:2B,93.16,41.00
2017-09-13T18:39:59.086837,5C:CF:7F:33:F7:F8,84.63,53.04
2017-09-13T18:39:59.335279,2C:3A:E8:0E:DE:A0,89.65,45.51
2017-09-13T18:39:59.677522,5C:CF:7F:34:00:63,90.68,43.57
2017-09-13T18:40:01.983997,5C:CF:7F:4C:5F:2B,92.78,41.53
2017-09-13T18:40:02.813052,5C:CF:7F:4C:60:B7,91.03,44.00
2017-09-13T18:40:29.969628,2C:3A:E8:0E:DE:A0,89.52,45.52
2017-09-13T18:40:40.030481,5C:CF:7F:33:F7:F8,84.63,53.04
2017-09-13T18:40:40.034648,5C:CF:7F:34:00:63,90.55,43.70
2017-09-13T18:40:40.036235,5C:CF:7F:4C:5F:2B,92.96,41.27
2017-09-13T18:40:40.037358,5C:CF:7F:4C:60:B7,90.65,44.33
2017-09-13T18:41:10.726871,2C:3A:E8:0E:DE:A0,88.99,46.11
2017-09-13T18:41:10.756580,5C:CF:7F:34:00:63,90.66,43.66
2017-09-13T18:41:10.758134,5C:CF:7F:4C:5F:2B,92.27,41.82
2017-09-13T18:41:10.759735,5C:CF:7F:4C:60:B7,90.75,44.24
2017-09-13T18:41:10.761352,5C:CF:7F:33:F7:F8,84.98,52.83
2017-09-13T18:41:36.062145,5C:CF:7F:34:00:63,90.73,43.54
2017-09-13T18:41:36.073535,5C:CF:7F:4C:5F:2B,91.89,42.40
2017-09-13T18:41:36.523827,5C:CF:7F:4C:60:B7,90.78,44.17
2017-09-13T18:41:41.503064,2C:3A:E8:0E:DE:A0,88.81,46.39
2017-09-13T18:41:52.927059,5C:CF:7F:33:F7:F8,84.95,52.64
2017-09-13T18:42:06.762933,5C:CF:7F:34:00:63,90.48,43.88
2017-09-13T18:42:06.767030,5C:CF:7F:4C:5F:2B,92.83,41.52
2017-09-13T18:42:07.137857,5C:CF:7F:4C:60:B7,90.75,44.14
2017-09-13T18:42:12.161579,2C:3A:E8:0E:DE:A0,89.06,46.10
2017-09-13T18:42:37.416513,5C:CF:7F:33:F7:F8,84.98,52.65
2017-09-13T18:42:37.479267,5C:CF:7F:34:00:63,90.53,43.79
2017-09-13T18:42:37.496780,5C:CF:7F:4C:5F:2B,92.17,42.08
2017-09-13T18:42:37.854799,5C:CF:7F:4C:60:B7,90.88,44.00
2017-09-13T18:42:42.800396,2C:3A:E8:0E:DE:A0,88.78,46.42
2017-09-13T18:43:10.371480,5C:CF:7F:33:F7:F8,85.10,52.54
2017-09-13T18:43:10.927133,5C:CF:7F:34:00:63,90.40,43.83
2017-09-13T18:43:10.931383,5C:CF:7F:4C:5F:2B,92.32,41.99
2017-09-13T18:43:10.932995,5C:CF:7F:4C:60:B7,91.00,43.96
2017-09-13T18:43:13.429124,2C:3A:E8:0E:DE:A0,88.94,46.15
2017-09-13T18:43:42.820168,5C:CF:7F:4C:5F:2B,91.38,42.89
2017-09-13T18:43:42.871415,5C:CF:7F:4C:60:B7,90.70,44.25
2017-09-13T18:43:42.875638,5C:CF:7F:34:00:63,90.15,44.15
2017-09-13T18:43:42.877156,5C:CF:7F:33:F7:F8,84.85,52.78
2017-09-13T18:43:44.059757,2C:3A:E8:0E:DE:A0,88.71,46.37
2017-09-13T18:44:13.308050,5C:CF:7F:34:00:63,90.27,43.99
2017-09-13T18:44:13.472719,5C:CF:7F:33:F7:F8,84.75,52.86
2017-09-13T18:44:13.481485,5C:CF:7F:4C:5F:2B,91.46,42.75
2017-09-13T18:44:13.593317,5C:CF:7F:4C:60:B7,90.78,44.13
2017-09-13T18:44:14.689701,2C:3A:E8:0E:DE:A0,88.78,46.39
2017-09-13T18:44:44.000668,5C:CF:7F:34:00:63,90.27,44.00
2017-09-13T18:44:44.166368,5C:CF:7F:4C:5F:2B,91.86,42.54
2017-09-13T18:44:44.188927,5C:CF:7F:33:F7:F8,84.73,52.92
2017-09-13T18:44:44.270274,5C:CF:7F:4C:60:B7,90.82,44.17
2017-09-13T18:44:45.343040,2C:3A:E8:0E:DE:A0,89.02,46.25
2017-09-13T18:45:14.639704,5C:CF:7F:34:00:63,90.37,43.92
2017-09-13T18:45:14.870310,5C:CF:7F:4C:5F:2B,92.65,41.74
2017-09-13T18:45:14.875185,5C:CF:7F:33:F7:F8,84.93,52.78
2017-09-13T18:45:14.943339,5C:CF:7F:4C:60:B7,90.82,44.09
2017-09-13T18:45:15.972874,2C:3A:E8:0E:DE:A0,89.73,45.52
2017-09-13T18:45:45.264254,5C:CF:7F:34:00:63,90.42,43.82
2017-09-13T18:45:47.668607,5C:CF:7F:33:F7:F8,84.73,52.87
2017-09-13T18:45:47.675832,5C:CF:7F:4C:5F:2B,92.53,41.79
2017-09-13T18:45:47.693732,5C:CF:7F:4C:60:B7,90.85,44.13
2017-09-13T18:45:47.700225,2C:3A:E8:0E:DE:A0,89.27,45.72
2017-09-13T18:46:15.914503,5C:CF:7F:34:00:63,90.48,43.84
2017-09-13T18:46:20.254366,2C:3A:E8:0E:DE:A0,89.14,46.14
2017-09-13T18:46:20.258540,5C:CF:7F:4C:60:B7,90.82,44.08
2017-09-13T18:46:20.260154,5C:CF:7F:33:F7:F8,84.68,53.06
2017-09-13T18:46:20.261976,5C:CF:7F:4C:5F:2B,92.06,42.25
2017-09-13T18:46:46.566510,5C:CF:7F:34:00:63,90.40,43.87
2017-09-13T18:46:50.524956,5C:CF:7F:4C:60:B7,90.90,44.03
2017-09-13T18:46:50.539436,5C:CF:7F:33:F7:F8,84.58,53.14
2017-09-13T18:46:50.693338,5C:CF:7F:4C:5F:2B,92.50,41.82
2017-09-13T18:46:50.870341,2C:3A:E8:0E:DE:A0,89.52,45.75
2017-09-13T18:47:17.194629,5C:CF:7F:34:00:63,90.53,43.78
2017-09-13T18:47:22.264587,5C:CF:7F:33:F7:F8,84.47,53.20
2017-09-13T18:47:22.287717,2C:3A:E8:0E:DE:A0,89.24,45.93
2017-09-13T18:47:22.318800,5C:CF:7F:4C:5F:2B,92.83,41.52
2017-09-13T18:47:22.323440,5C:CF:7F:4C:60:B7,90.80,44.09
2017-09-13T18:47:54.867308,5C:CF:7F:34:00:63,90.58,43.70
2017-09-13T18:47:55.028884,5C:CF:7F:33:F7:F8,84.42,53.30
2017-09-13T18:47:55.033018,2C:3A:E8:0E:DE:A0,89.02,46.01
2017-09-13T18:47:55.034347,5C:CF:7F:4C:5F:2B,92.67,41.61
2017-09-13T18:47:55.035700,5C:CF:7F:4C:60:B7,90.82,44.09
2017-09-13T18:48:25.612425,5C:CF:7F:34:00:63,90.55,43.70
2017-09-13T18:48:27.574208,2C:3A:E8:0E:DE:A0,89.37,45.74
2017-09-13T18:48:27.589059,5C:CF:7F:4C:60:B7,91.00,43.96
2017-09-13T18:48:27.594360,5C:CF:7F:4C:5F:2B,92.75,41.45
2017-09-13T18:48:27.638578,5C:CF:7F:33:F7:F8,84.65,53.05
2017-09-13T18:48:58.057731,5C:CF:7F:34:00:63,90.45,43.76
2017-09-13T18:49:00.208037,2C:3A:E8:0E:DE:A0,88.96,46.14
2017-09-13T18:49:00.214826,5C:CF:7F:4C:60:B7,90.95,43.92
2017-09-13T18:49:01.031340,5C:CF:7F:4C:5F:2B,92.40,41.75
2017-09-13T18:49:01.035509,5C:CF:7F:33:F7:F8,84.47,53.21
2017-09-13T18:49:28.688053,5C:CF:7F:34:00:63,90.32,43.97
2017-09-13T18:49:33.653115,2C:3A:E8:0E:DE:A0,88.48,46.66
2017-09-13T18:49:33.666034,5C:CF:7F:4C:60:B7,90.90,43.99
2017-09-13T18:49:33.667725,5C:CF:7F:4C:5F:2B,92.04,42.25
2017-09-13T18:49:33.669400,5C:CF:7F:33:F7:F8,84.32,53.42
2017-09-13T18:49:59.366387,5C:CF:7F:34:00:63,90.15,44.15
2017-09-13T18:50:05.332842,5C:CF:7F:4C:5F:2B,91.56,42.85
2017-09-13T18:50:05.337077,5C:CF:7F:4C:60:B7,90.98,43.96
2017-09-13T18:50:05.338655,2C:3A:E8:0E:DE:A0,88.73,46.63
2017-09-13T18:50:05.340258,5C:CF:7F:33:F7:F8,84.47,53.33
2017-09-13T18:50:29.995944,5C:CF:7F:34:00:63,90.17,44.20
2017-09-13T18:50:38.131186,5C:CF:7F:4C:60:B7,90.95,44.06
2017-09-13T18:50:38.135782,2C:3A:E8:0E:DE:A0,88.86,46.44
2017-09-13T18:50:38.137559,5C:CF:7F:33:F7:F8,84.47,53.29
2017-09-13T18:50:38.139287,5C:CF:7F:4C:5F:2B,91.74,42.75
2017-09-13T18:51:00.679231,5C:CF:7F:34:00:63,90.05,44.10
2017-09-13T18:51:10.422167,5C:CF:7F:4C:5F:2B,91.48,42.83
2017-09-13T18:51:10.434621,2C:3A:E8:0E:DE:A0,88.68,46.54
2017-09-13T18:51:10.435954,5C:CF:7F:4C:60:B7,90.29,44.54
2017-09-13T18:51:10.437456,5C:CF:7F:33:F7:F8,84.27,53.48
2017-09-13T18:51:31.356992,5C:CF:7F:34:00:63,90.02,44.40
2017-09-13T18:51:43.076827,5C:CF:7F:4C:60:B7,90.62,44.37
2017-09-13T18:51:43.307540,2C:3A:E8:0E:DE:A0,88.99,46.26
2017-09-13T18:51:43.311986,5C:CF:7F:33:F7:F8,84.34,53.43
2017-09-13T18:51:43.313464,5C:CF:7F:4C:5F:2B,92.47,41.82
2017-09-13T18:52:02.006156,5C:CF:7F:34:00:63,90.40,43.96
2017-09-13T18:52:15.634820,5C:CF:7F:4C:5F:2B,92.57,41.53
2017-09-13T18:52:15.638994,2C:3A:E8:0E:DE:A0,89.27,46.00
2017-09-13T18:52:15.640748,5C:CF:7F:33:F7:F8,84.17,53.60
2017-09-13T18:52:15.642463,5C:CF:7F:4C:60:B7,90.78,44.22
2017-09-13T18:52:32.839045,5C:CF:7F:34:00:63,89.99,44.32
2017-09-13T18:52:48.252537,2C:3A:E8:0E:DE:A0,89.04,46.03
2017-09-13T18:52:48.350817,5C:CF:7F:4C:60:B7,90.34,44.58
2017-09-13T18:52:48.357326,5C:CF:7F:33:F7:F8,84.19,53.57
2017-09-13T18:52:48.358785,5C:CF:7F:4C:5F:2B,91.96,42.25
2017-09-13T18:53:03.467897,5C:CF:7F:34:00:63,90.37,43.92
2017-09-13T18:53:20.976437,5C:CF:7F:4C:5F:2B,92.06,42.20
2017-09-13T18:53:21.084999,2C:3A:E8:0E:DE:A0,89.44,45.82
2017-09-13T18:53:21.108445,5C:CF:7F:4C:60:B7,90.72,44.25
2017-09-13T18:53:21.242907,5C:CF:7F:33:F7:F8,84.52,53.29
2017-09-13T18:53:34.108169,5C:CF:7F:34:00:63,90.45,43.76
2017-09-13T18:53:51.635612,5C:CF:7F:4C:5F:2B,92.78,41.75
2017-09-13T18:53:53.942517,2C:3A:E8:0E:DE:A0,89.06,46.22
2017-09-13T18:53:53.947088,5C:CF:7F:4C:60:B7,90.90,44.08
2017-09-13T18:53:53.948854,5C:CF:7F:33:F7:F8,84.39,53.39
2017-09-13T18:54:04.796760,5C:CF:7F:34:00:63,90.42,43.86
2017-09-13T18:54:22.262172,5C:CF:7F:4C:5F:2B,93.08,41.39
2017-09-13T18:54:26.440421,5C:CF:7F:4C:60:B7,90.95,44.01
2017-09-13T18:54:26.482699,5C:CF:7F:33:F7:F8,84.42,53.36
2017-09-13T18:54:26.497558,2C:3A:E8:0E:DE:A0,89.44,45.71
2017-09-13T18:54:35.472730,5C:CF:7F:34:00:63,90.61,43.68
2017-09-13T18:55:03.085058,5C:CF:7F:4C:5F:2B,93.01,41.26
2017-09-13T18:55:03.089681,5C:CF:7F:4C:60:B7,90.88,43.96
2017-09-13T18:55:03.091313,2C:3A:E8:0E:DE:A0,89.67,45.33
2017-09-13T18:55:03.092983,5C:CF:7F:33:F7:F8,84.52,53.15
2017-09-13T18:55:06.248434,5C:CF:7F:34:00:63,90.61,43.67
2017-09-13T18:55:30.888621,5C:CF:7F:4C:60:B7,90.80,44.09
2017-09-13T18:55:30.892965,2C:3A:E8:0E:DE:A0,89.80,45.32
2017-09-13T18:55:30.894400,5C:CF:7F:33:F7:F8,84.58,53.16
2017-09-13T18:55:33.729909,5C:CF:7F:4C:5F:2B,92.96,41.32
2017-09-13T18:55:46.916983,5C:CF:7F:34:00:63,90.53,43.69
2017-09-13T18:56:01.332849,2C:3A:E8:0E:DE:A0,89.37,45.71
2017-09-13T18:56:01.357829,5C:CF:7F:33:F7:F8,84.29,53.42
2017-09-13T18:56:01.550793,5C:CF:7F:4C:60:B7,90.34,44.58
2017-09-13T18:56:04.387949,5C:CF:7F:4C:5F:2B,92.55,41.68
2017-09-13T18:56:45.608491,5C:CF:7F:34:00:63,90.45,43.81
2017-09-13T18:56:45.613142,5C:CF:7F:4C:60:B7,90.70,44.29
2017-09-13T18:56:45.614703,5C:CF:7F:33:F7:F8,84.17,53.61
2017-09-13T18:56:45.616299,2C:3A:E8:0E:DE:A0,88.94,46.17
2017-09-13T18:56:45.617325,5C:CF:7F:4C:5F:2B,92.90,41.42
2017-09-13T18:57:02.990856,5C:CF:7F:4C:60:B7,90.75,44.11
2017-09-13T18:57:02.998852,5C:CF:7F:33:F7:F8,84.21,53.57
2017-09-13T18:57:03.622967,2C:3A:E8:0E:DE:A0,89.27,46.03
2017-09-13T18:57:05.617357,5C:CF:7F:4C:5F:2B,93.01,41.39
2017-09-13T18:57:16.237519,5C:CF:7F:34:00:63,90.30,43.90
2017-09-13T18:57:33.743522,5C:CF:7F:4C:60:B7,90.60,44.21
2017-09-13T18:57:33.762459,5C:CF:7F:33:F7:F8,84.09,53.72
2017-09-13T18:57:34.353055,2C:3A:E8:0E:DE:A0,88.73,46.23
2017-09-13T18:57:36.323089,5C:CF:7F:4C:5F:2B,92.45,41.73
2017-09-13T18:57:46.874644,5C:CF:7F:34:00:63,90.32,43.97
2017-09-13T18:58:06.790176,5C:CF:7F:4C:60:B7,90.82,44.14
2017-09-13T18:58:07.566610,5C:CF:7F:33:F7:F8,84.21,53.66
2017-09-13T18:58:07.571537,2C:3A:E8:0E:DE:A0,89.06,46.19
2017-09-13T18:58:07.572929,5C:CF:7F:4C:5F:2B,92.50,41.82
2017-09-13T18:58:17.576749,5C:CF:7F:34:00:63,90.22,44.05
2017-09-13T18:58:37.475158,5C:CF:7F:4C:60:B7,90.24,45.87
2017-09-13T18:58:37.481522,2C:3A:E8:0E:DE:A0,88.86,46.25
2017-09-13T18:58:40.630618,5C:CF:7F:4C:5F:2B,92.04,42.07
2017-09-13T18:58:41.266632,5C:CF:7F:33:F7:F8,84.19,53.62
2017-09-13T18:58:48.228302,5C:CF:7F:34:00:63,89.61,47.25
2017-09-13T18:59:08.148590,2C:3A:E8:0E:DE:A0,89.04,48.68
2017-09-13T18:59:13.377899,5C:CF:7F:4C:60:B7,90.52,46.95
2017-09-13T18:59:13.384872,5C:CF:7F:33:F7:F8,84.42,55.11
2017-09-13T18:59:13.386758,5C:CF:7F:4C:5F:2B,92.57,45.05
2017-09-13T18:59:18.858030,5C:CF:7F:34:00:63,90.09,45.98
2017-09-13T18:59:38.782811,2C:3A:E8:0E:DE:A0,89.19,46.97
2017-09-13T18:59:43.386572,5C:CF:7F:33:F7:F8,84.49,54.17
2017-09-13T18:59:46.448803,5C:CF:7F:4C:5F:2B,91.84,43.36
2017-09-13T18:59:46.847775,5C:CF:7F:4C:60:B7,90.78,44.76
2017-09-13T18:59:49.515044,5C:CF:7F:34:00:63,90.51,44.51
2017-09-13T19:00:09.472067,2C:3A:E8:0E:DE:A0,89.73,46.03
2017-09-13T19:00:18.261278,5C:CF:7F:4C:60:B7,90.78,44.56
2017-09-13T19:00:18.300013,5C:CF:7F:4C:5F:2B,91.81,42.85
2017-09-13T19:00:18.407088,5C:CF:7F:33:F7:F8,84.60,53.69
2017-09-13T19:00:20.262682,5C:CF:7F:34:00:63,90.86,43.93
2017-09-13T19:00:40.127673,2C:3A:E8:0E:DE:A0,90.23,45.73
2017-09-13T19:00:51.649938,5C:CF:7F:4C:5F:2B,91.81,42.93
2017-09-13T19:00:51.655774,5C:CF:7F:4C:60:B7,90.75,44.61
2017-09-13T19:00:51.657530,5C:CF:7F:33:F7:F8,84.70,53.59
2017-09-13T19:00:51.659240,5C:CF:7F:34:00:63,90.98,43.68
2017-09-13T19:01:10.798050,2C:3A:E8:0E:DE:A0,90.38,45.10
2017-09-13T19:01:23.700149,5C:CF:7F:4C:60:B7,90.82,44.41
2017-09-13T19:01:23.709914,5C:CF:7F:33:F7:F8,84.78,53.42
2017-09-13T19:01:23.711552,5C:CF:7F:4C:5F:2B,91.61,43.15
2017-09-13T19:01:23.713187,5C:CF:7F:34:00:63,91.06,43.50
2017-09-13T19:01:41.453195,2C:3A:E8:0E:DE:A0,90.52,44.99
2017-09-13T19:01:57.586225,5C:CF:7F:4C:5F:2B,91.58,43.08
2017-09-13T19:01:57.595770,5C:CF:7F:34:00:63,91.18,43.38
2017-09-13T19:01:57.842423,5C:CF:7F:4C:60:B7,90.92,44.37
2017-09-13T19:01:58.828630,5C:CF:7F:33:F7:F8,84.73,53.25
2017-09-13T19:02:12.135360,2C:3A:E8:0E:DE:A0,90.67,44.92
2017-09-13T19:02:30.407525,5C:CF:7F:34:00:63,91.29,43.22
2017-09-13T19:02:30.414484,5C:CF:7F:4C:5F:2B,91.48,43.02
2017-09-13T19:02:30.416186,5C:CF:7F:33:F7:F8,84.83,53.27
2017-09-13T19:02:30.417880,5C:CF:7F:4C:60:B7,90.88,44.25
2017-09-13T19:02:42.804667,2C:3A:E8:0E:DE:A0,90.69,44.67
2017-09-13T19:03:02.064729,5C:CF:7F:34:00:63,91.32,43.20
2017-09-13T19:03:02.069886,5C:CF:7F:4C:5F:2B,91.00,43.43
2017-09-13T19:03:02.072219,5C:CF:7F:4C:60:B7,90.82,44.41
2017-09-13T19:03:02.159151,5C:CF:7F:33:F7:F8,84.95,53.10
2017-09-13T19:03:13.590523,2C:3A:E8:0E:DE:A0,90.82,44.65
2017-09-13T19:03:34.728602,5C:CF:7F:4C:5F:2B,90.97,43.45
2017-09-13T19:03:34.735326,5C:CF:7F:4C:60:B7,90.88,44.25
2017-09-13T19:03:34.786154,5C:CF:7F:34:00:63,91.29,43.08
2017-09-13T19:03:34.792596,5C:CF:7F:33:F7:F8,85.10,52.70
2017-09-13T19:03:44.211624,2C:3A:E8:0E:DE:A0,90.92,44.58
2017-09-13T19:04:05.452675,5C:CF:7F:4C:5F:2B,90.77,43.58
2017-09-13T19:04:05.548043,5C:CF:7F:4C:60:B7,90.75,44.27
2017-09-13T19:04:05.563804,5C:CF:7F:33:F7:F8,85.10,52.72
2017-09-13T19:04:05.585881,5C:CF:7F:34:00:63,91.18,43.10
2017-09-13T19:04:14.841073,2C:3A:E8:0E:DE:A0,90.67,44.57
2017-09-13T19:04:38.318893,5C:CF:7F:4C:5F:2B,90.36,43.90
2017-09-13T19:04:39.067723,5C:CF:7F:33:F7:F8,85.00,52.78
2017-09-13T19:04:39.071668,5C:CF:7F:4C:60:B7,90.62,44.39
2017-09-13T19:04:39.072960,5C:CF:7F:34:00:63,90.96,43.35
2017-09-13T19:04:45.483767,2C:3A:E8:0E:DE:A0,90.59,44.89
2017-09-13T19:05:08.766502,5C:CF:7F:34:00:63,90.93,43.47
2017-09-13T19:05:10.935214,5C:CF:7F:4C:60:B7,90.47,44.59
2017-09-13T19:05:10.940002,5C:CF:7F:4C:5F:2B,90.31,44.08
2017-09-13T19:05:10.941543,5C:CF:7F:33:F7:F8,84.93,52.93
2017-09-13T19:05:16.129620,2C:3A:E8:0E:DE:A0,90.38,44.84
2017-09-13T19:05:43.351473,5C:CF:7F:4C:5F:2B,90.65,44.00
2017-09-13T19:05:44.094305,5C:CF:7F:33:F7:F8,84.98,52.83
2017-09-13T19:05:44.105369,5C:CF:7F:4C:60:B7,90.62,44.44
2017-09-13T19:05:44.106952,5C:CF:7F:34:00:63,91.14,43.31
2017-09-13T19:05:46.806125,2C:3A:E8:0E:DE:A0,90.74,44.75
2017-09-13T19:06:16.157986,5C:CF:7F:34:00:63,91.37,43.11
2017-09-13T19:06:16.162585,5C:CF:7F:4C:60:B7,90.80,44.47
2017-09-13T19:06:16.164183,5C:CF:7F:4C:5F:2B,90.87,43.62
2017-09-13T19:06:16.352921,5C:CF:7F:33:F7:F8,84.98,52.91
2017-09-13T19:06:17.446080,2C:3A:E8:0E:DE:A0,90.82,44.52
2017-09-13T19:06:46.815907,5C:CF:7F:4C:5F:2B,91.00,43.60
2017-09-13T19:06:46.862856,5C:CF:7F:4C:60:B7,90.85,44.31
2017-09-13T19:06:49.036386,5C:CF:7F:34:00:63,91.37,43.13
2017-09-13T19:06:49.043045,2C:3A:E8:0E:DE:A0,90.94,44.53
2017-09-13T19:06:49.044655,5C:CF:7F:33:F7:F8,85.00,53.01
2017-09-13T19:07:17.448318,5C:CF:7F:4C:5F:2B,90.82,43.65
2017-09-13T19:07:21.593299,2C:3A:E8:0E:DE:A0,90.94,44.42
2017-09-13T19:07:21.597431,5C:CF:7F:4C:60:B7,90.88,44.28
2017-09-13T19:07:21.599071,5C:CF:7F:34:00:63,91.47,43.01
2017-09-13T19:07:21.600748,5C:CF:7F:33:F7:F8,85.03,52.84
2017-09-13T19:07:48.142265,5C:CF:7F:4C:5F:2B,90.49,44.04
2017-09-13T19:07:53.306000,2C:3A:E8:0E:DE:A0,90.77,44.50
2017-09-13T19:07:53.307772,5C:CF:7F:4C:60:B7,90.75,44.37
2017-09-13T19:07:53.309221,5C:CF:7F:34:00:63,91.29,43.16
2017-09-13T19:07:53.310386,5C:CF:7F:33:F7:F8,85.00,52.81
2017-09-13T19:08:25.680927,2C:3A:E8:0E:DE:A0,90.92,44.58
2017-09-13T19:08:25.690699,5C:CF:7F:4C:60:B7,90.80,44.42
2017-09-13T19:08:25.692281,5C:CF:7F:34:00:63,91.39,43.23
2017-09-13T19:08:25.693689,5C:CF:7F:33:F7:F8,85.18,52.76
2017-09-13T19:08:25.695019,5C:CF:7F:4C:5F:2B,90.52,44.25
2017-09-13T19:08:58.333375,5C:CF:7F:4C:60:B7,90.92,44.31
2017-09-13T19:08:58.347977,5C:CF:7F:34:00:63,91.60,42.87
2017-09-13T19:08:58.425200,5C:CF:7F:4C:5F:2B,90.72,43.90
2017-09-13T19:08:58.499813,5C:CF:7F:33:F7:F8,85.28,52.56
2017-09-13T19:08:58.503835,2C:3A:E8:0E:DE:A0,91.04,44.22
2017-09-13T19:09:29.061171,5C:CF:7F:34:00:63,91.60,42.84
2017-09-13T19:09:29.076588,5C:CF:7F:4C:60:B7,91.00,44.09
2017-09-13T19:09:29.138786,5C:CF:7F:4C:5F:2B,90.65,43.78
2017-09-13T19:09:29.189763,2C:3A:E8:0E:DE:A0,90.92,44.28
2017-09-13T19:09:29.196435,5C:CF:7F:33:F7:F8,85.18,52.58
2017-09-13T19:10:01.594025,5C:CF:7F:4C:60:B7,91.03,44.17
2017-09-13T19:10:01.604219,5C:CF:7F:34:00:63,91.60,42.90
2017-09-13T19:10:01.945002,5C:CF:7F:4C:5F:2B,90.65,43.88
2017-09-13T19:10:01.954830,2C:3A:E8:0E:DE:A0,91.12,44.30
2017-09-13T19:10:01.955774,5C:CF:7F:33:F7:F8,85.20,52.73
2017-09-13T19:10:30.516998,5C:CF:7F:34:00:63,91.57,42.90
2017-09-13T19:10:32.326807,5C:CF:7F:4C:60:B7,90.90,44.23
2017-09-13T19:10:34.289981,2C:3A:E8:0E:DE:A0,91.22,44.17
2017-09-13T19:10:34.362556,5C:CF:7F:4C:5F:2B,90.65,43.78
2017-09-13T19:10:34.369339,5C:CF:7F:33:F7:F8,85.18,52.71
2017-09-13T19:11:01.168514,5C:CF:7F:34:00:63,91.70,42.75
2017-09-13T19:11:05.033250,5C:CF:7F:4C:60:B7,90.90,44.37
2017-09-13T19:11:05.040176,2C:3A:E8:0E:DE:A0,91.33,43.87
2017-09-13T19:11:05.042125,5C:CF:7F:33:F7:F8,85.18,52.64
2017-09-13T19:11:05.048348,5C:CF:7F:4C:5F:2B,90.75,43.64
2017-09-13T19:11:41.804856,5C:CF:7F:34:00:63,91.70,42.81
2017-09-13T19:11:41.809102,5C:CF:7F:4C:5F:2B,90.79,43.63
2017-09-13T19:11:41.810829,2C:3A:E8:0E:DE:A0,91.33,44.11
2017-09-13T19:11:41.812545,5C:CF:7F:4C:60:B7,90.92,44.29
2017-09-13T19:11:41.813560,5C:CF:7F:33:F7:F8,85.10,52.97
2017-09-13T19:12:09.588220,5C:CF:7F:4C:5F:2B,91.03,43.55
2017-09-13T19:12:09.671960,2C:3A:E8:0E:DE:A0,91.33,44.07
2017-09-13T19:12:09.676790,5C:CF:7F:4C:60:B7,90.92,44.25
2017-09-13T19:12:09.678607,5C:CF:7F:33:F7:F8,85.10,52.76
2017-09-13T19:12:12.424573,5C:CF:7F:34:00:63,91.72,42.71
2017-09-13T19:12:42.249945,2C:3A:E8:0E:DE:A0,91.12,44.00
2017-09-13T19:12:42.275457,5C:CF:7F:4C:60:B7,90.92,44.12
2017-09-13T19:12:42.291011,5C:CF:7F:33:F7:F8,84.98,52.73
2017-09-13T19:12:42.292464,5C:CF:7F:4C:5F:2B,90.65,43.75
2017-09-13T19:12:43.076320,5C:CF:7F:34:00:63,91.42,42.93
2017-09-13T19:13:13.094054,5C:CF:7F:4C:5F:2B,90.69,43.83
2017-09-13T19:13:15.397073,5C:CF:7F:33:F7:F8,85.10,53.00
2017-09-13T19:13:15.414723,2C:3A:E8:0E:DE:A0,91.07,44.40
2017-09-13T19:13:15.416101,5C:CF:7F:4C:60:B7,90.88,44.26
2017-09-13T19:13:15.425117,5C:CF:7F:34:00:63,91.50,43.06
2017-09-13T19:13:45.820520,5C:CF:7F:4C:5F:2B,90.57,43.94
2017-09-13T19:13:48.411263,2C:3A:E8:0E:DE:A0,91.02,44.27
2017-09-13T19:13:49.203621,5C:CF:7F:4C:60:B7,90.88,44.21
2017-09-13T19:13:49.261334,5C:CF:7F:33:F7:F8,85.13,52.68
2017-09-13T19:13:49.265647,5C:CF:7F:34:00:63,91.39,43.01
2017-09-13T19:14:16.638703,5C:CF:7F:4C:5F:2B,90.77,43.67
2017-09-13T19:14:21.708102,2C:3A:E8:0E:DE:A0,91.17,44.24
2017-09-13T19:14:21.751683,5C:CF:7F:4C:60:B7,90.95,44.28
2017-09-13T19:14:21.762370,5C:CF:7F:34:00:63,91.60,42.89
2017-09-13T19:14:21.853430,5C:CF:7F:33:F7:F8,85.16,52.62
2017-09-13T19:14:47.321472,5C:CF:7F:4C:5F:2B,90.85,43.69
2017-09-13T19:14:54.614775,2C:3A:E8:0E:DE:A0,91.33,44.10
2017-09-13T19:14:55.455666,5C:CF:7F:4C:60:B7,90.95,44.20
2017-09-13T19:14:55.459721,5C:CF:7F:34:00:63,91.75,42.80
2017-09-13T19:14:55.461257,5C:CF:7F:33:F7:F8,85.23,52.66
2017-09-13T19:15:18.082746,5C:CF:7F:4C:5F:2B,90.57,43.88
2017-09-13T19:15:27.487946,5C:CF:7F:34:00:63,91.50,42.90
2017-09-13T19:15:27.519320,5C:CF:7F:33:F7:F8,85.10,52.68
2017-09-13T19:15:27.546664,2C:3A:E8:0E:DE:A0,91.19,44.13
2017-09-13T19:15:27.555141,5C:CF:7F:4C:60:B7,90.85,44.20
2017-09-13T19:15:48.801953,5C:CF:7F:4C:5F:2B,90.49,44.03
2017-09-13T19:15:59.322044,5C:CF:7F:33:F7:F8,85.06,52.79
2017-09-13T19:15:59.328311,5C:CF:7F:34:00:63,91.39,43.12
2017-09-13T19:15:59.330059,5C:CF:7F:4C:60:B7,90.72,44.36
2017-09-13T19:15:59.331790,2C:3A:E8:0E:DE:A0,91.17,44.19
2017-09-13T19:16:22.436521,5C:CF:7F:4C:5F:2B,90.54,43.99
2017-09-13T19:16:31.811580,5C:CF:7F:4C:60:B7,90.82,44.29
2017-09-13T19:16:31.834186,2C:3A:E8:0E:DE:A0,91.07,44.08
2017-09-13T19:16:31.842198,5C:CF:7F:34:00:63,91.42,43.00
2017-09-13T19:16:31.843830,5C:CF:7F:33:F7:F8,85.03,52.79
2017-09-13T19:16:53.096947,5C:CF:7F:4C:5F:2B,90.34,44.17
2017-09-13T19:17:04.686731,5C:CF:7F:34:00:63,91.42,43.05
2017-09-13T19:17:04.693710,2C:3A:E8:0E:DE:A0,90.97,44.47
2017-09-13T19:17:04.697647,5C:CF:7F:4C:60:B7,90.80,44.40
2017-09-13T19:17:04.815471,5C:CF:7F:33:F7:F8,85.06,52.88
2017-09-13T19:17:23.755018,5C:CF:7F:4C:5F:2B,90.65,44.05
2017-09-13T19:17:37.490175,2C:3A:E8:0E:DE:A0,90.99,44.31
2017-09-13T19:17:37.508467,5C:CF:7F:33:F7:F8,84.93,52.90
2017-09-13T19:17:37.510044,5C:CF:7F:4C:60:B7,90.75,44.37
2017-09-13T19:17:37.511680,5C:CF:7F:34:00:63,91.37,42.97
2017-09-13T19:17:54.376970,5C:CF:7F:4C:5F:2B,90.79,43.79
2017-09-13T19:18:10.242786,5C:CF:7F:33:F7:F8,85.00,52.88
2017-09-13T19:18:10.246842,5C:CF:7F:4C:60:B7,90.80,44.32
2017-09-13T19:18:10.248465,5C:CF:7F:34:00:63,91.47,43.01
2017-09-13T19:18:10.249607,2C:3A:E8:0E:DE:A0,91.17,44.24
2017-09-13T19:18:25.014706,5C:CF:7F:4C:5F:2B,90.69,43.94
2017-09-13T19:18:42.607610,2C:3A:E8:0E:DE:A0,91.12,44.19
2017-09-13T19:18:42.633342,5C:CF:7F:34:00:63,91.44,43.01
2017-09-13T19:18:42.656480,5C:CF:7F:33:F7:F8,85.08,52.81
2017-09-13T19:18:42.695285,5C:CF:7F:4C:60:B7,90.82,44.26
2017-09-13T19:18:55.670714,5C:CF:7F:4C:5F:2B,90.54,43.95
2017-09-13T19:19:14.964944,2C:3A:E8:0E:DE:A0,90.94,44.47
2017-09-13T19:19:15.404127,5C:CF:7F:34:00:63,91.18,43.19
2017-09-13T19:19:15.436999,5C:CF:7F:33:F7:F8,84.95,52.92
2017-09-13T19:19:15.441055,5C:CF:7F:4C:60:B7,90.70,44.38
2017-09-13T19:19:26.350711,5C:CF:7F:4C:5F:2B,90.54,44.15
2017-09-13T19:19:47.910041,2C:3A:E8:0E:DE:A0,90.87,44.47
2017-09-13T19:19:47.917519,5C:CF:7F:34:00:63,91.29,43.00
2017-09-13T19:19:47.919230,5C:CF:7F:4C:60:B7,90.82,44.27
2017-09-13T19:19:47.921053,5C:CF:7F:33:F7:F8,84.93,52.90
2017-09-13T19:19:57.060657,5C:CF:7F:4C:5F:2B,90.39,44.18
2017-09-13T19:20:20.483477,5C:CF:7F:33:F7:F8,84.80,53.21
2017-09-13T19:20:20.574136,5C:CF:7F:4C:60:B7,90.75,44.39
2017-09-13T19:20:21.322568,5C:CF:7F:34:00:63,91.11,43.43
2017-09-13T19:20:21.330474,2C:3A:E8:0E:DE:A0,90.72,44.72
2017-09-13T19:20:27.693802,5C:CF:7F:4C:5F:2B,90.57,44.25
2017-09-13T19:20:53.759592,2C:3A:E8:0E:DE:A0,91.09,44.38
2017-09-13T19:20:53.763790,5C:CF:7F:34:00:63,91.37,43.08
2017-09-13T19:20:53.765352,5C:CF:7F:4C:60:B7,90.90,44.28
2017-09-13T19:20:53.766823,5C:CF:7F:33:F7:F8,84.90,53.10
2017-09-13T19:20:58.317740,5C:CF:7F:4C:5F:2B,90.69,43.97
2017-09-13T19:21:25.916791,5C:CF:7F:34:00:63,91.39,43.01
2017-09-13T19:21:25.923624,5C:CF:7F:33:F7:F8,84.90,52.96
2017-09-13T19:21:25.925054,5C:CF:7F:4C:60:B7,90.82,44.21
2017-09-13T19:21:25.926239,2C:3A:E8:0E:DE:A0,90.99,44.22
2017-09-13T19:21:28.979780,5C:CF:7F:4C:5F:2B,90.36,44.07
2017-09-13T19:22:00.317296,2C:3A:E8:0E:DE:A0,91.02,44.31
2017-09-13T19:22:00.324472,5C:CF:7F:4C:60:B7,90.80,44.36
2017-09-13T19:22:00.350617,5C:CF:7F:33:F7:F8,84.85,53.11
2017-09-13T19:22:00.361413,5C:CF:7F:34:00:63,91.29,43.09
2017-09-13T19:22:00.362925,5C:CF:7F:4C:5F:2B,90.34,44.12
2017-09-13T19:22:33.941811,5C:CF:7F:4C:60:B7,90.80,44.31
2017-09-13T19:22:33.952461,5C:CF:7F:34:00:63,91.34,43.07
2017-09-13T19:22:33.954207,2C:3A:E8:0E:DE:A0,91.07,44.37
2017-09-13T19:22:33.955930,5C:CF:7F:4C:5F:2B,90.49,44.10
2017-09-13T19:22:33.977930,5C:CF:7F:33:F7:F8,84.83,53.04
2017-09-13T19:23:06.462906,2C:3A:E8:0E:DE:A0,91.02,44.22
2017-09-13T19:23:06.492218,5C:CF:7F:34:00:63,91.29,43.01
2017-09-13T19:23:06.493753,5C:CF:7F:4C:60:B7,90.88,44.20
2017-09-13T19:23:06.651174,5C:CF:7F:4C:5F:2B,90.59,44.06
2017-09-13T19:23:06.684202,5C:CF:7F:33:F7:F8,84.90,52.94
2017-09-13T19:23:39.358451,5C:CF:7F:34:00:63,91.62,42.78
2017-09-13T19:23:39.366116,2C:3A:E8:0E:DE:A0,91.27,44.24
2017-09-13T19:23:39.367775,5C:CF:7F:4C:60:B7,90.98,44.22
2017-09-13T19:23:39.369456,5C:CF:7F:4C:5F:2B,91.07,43.69
2017-09-13T19:23:39.371050,5C:CF:7F:33:F7:F8,85.13,52.83
2017-09-13T19:24:09.774152,2C:3A:E8:0E:DE:A0,91.33,44.07
2017-09-13T19:24:09.874234,5C:CF:7F:4C:60:B7,91.08,43.99
2017-09-13T19:24:09.884030,5C:CF:7F:4C:5F:2B,91.07,43.44
2017-09-13T19:24:09.890473,5C:CF:7F:33:F7:F8,85.13,52.92
2017-09-13T19:24:10.121912,5C:CF:7F:34:00:63,91.77,42.75
2017-09-13T19:24:40.417270,2C:3A:E8:0E:DE:A0,91.12,44.16
2017-09-13T19:24:50.583066,5C:CF:7F:4C:5F:2B,90.90,43.55
2017-09-13T19:24:50.987390,5C:CF:7F:4C:60:B7,91.10,43.99
2017-09-13T19:24:51.008403,5C:CF:7F:33:F7:F8,85.08,52.74
2017-09-13T19:25:40.057463,5C:CF:7F:34:00:63,91.67,42.73
2017-09-13T19:25:40.059289,2C:3A:E8:0E:DE:A0,91.17,44.14
2017-09-13T19:25:40.060987,5C:CF:7F:33:F7:F8,85.13,52.75
2017-09-13T19:25:40.062623,5C:CF:7F:4C:60:B7,91.00,44.09
2017-09-13T19:25:40.064113,5C:CF:7F:4C:5F:2B,90.79,44.01
2017-09-13T19:25:58.596179,5C:CF:7F:34:00:63,91.57,42.81
2017-09-13T19:25:58.600241,5C:CF:7F:4C:60:B7,90.92,44.12
2017-09-13T19:25:58.601880,5C:CF:7F:33:F7:F8,85.06,52.85
2017-09-13T19:25:58.603505,5C:CF:7F:4C:5F:2B,90.65,43.93
2017-09-13T19:26:03.520201,2C:3A:E8:0E:DE:A0,91.09,44.16
2017-09-13T19:26:23.817914,5C:CF:7F:4C:60:B7,91.00,44.17
2017-09-13T19:26:23.826792,5C:CF:7F:33:F7:F8,85.08,52.88
2017-09-13T19:26:24.114275,5C:CF:7F:4C:5F:2B,90.87,43.77
2017-09-13T19:26:29.261401,5C:CF:7F:34:00:63,91.60,42.83
2017-09-13T19:26:34.522707,2C:3A:E8:0E:DE:A0,91.19,44.14
2017-09-13T19:26:54.466928,5C:CF:7F:4C:60:B7,90.98,44.06
2017-09-13T19:26:54.473972,5C:CF:7F:33:F7:F8,84.98,52.87
2017-09-13T19:26:54.729738,5C:CF:7F:4C:5F:2B,91.05,43.62
2017-09-13T19:26:59.915941,5C:CF:7F:34:00:63,91.72,42.73
2017-09-13T19:27:40.147129,2C:3A:E8:0E:DE:A0,91.30,44.12
2017-09-13T19:27:40.153990,5C:CF:7F:4C:5F:2B,91.03,43.48
2017-09-13T19:27:40.155605,5C:CF:7F:33:F7:F8,84.95,52.93
2017-09-13T19:27:40.157343,5C:CF:7F:4C:60:B7,91.03,44.06
2017-09-13T19:27:40.158850,5C:CF:7F:34:00:63,91.70,42.78
2017-09-13T19:27:58.755238,5C:CF:7F:4C:60:B7,91.08,44.04
2017-09-13T19:27:59.088341,5C:CF:7F:4C:5F:2B,91.07,43.36
2017-09-13T19:27:59.744383,5C:CF:7F:33:F7:F8,85.00,52.97
2017-09-13T19:28:01.162979,5C:CF:7F:34:00:63,91.75,42.63
2017-09-13T19:28:10.766654,2C:3A:E8:0E:DE:A0,91.19,44.08
2017-09-13T19:28:29.378694,5C:CF:7F:4C:60:B7,91.08,44.09
2017-09-13T19:28:39.915321,5C:CF:7F:4C:5F:2B,91.10,43.51
2017-09-13T19:28:39.919403,5C:CF:7F:33:F7:F8,85.08,52.80
2017-09-13T19:28:39.921282,5C:CF:7F:34:00:63,91.72,42.65
2017-09-13T19:28:41.485028,2C:3A:E8:0E:DE:A0,91.27,44.03
2017-09-13T19:29:14.996179,5C:CF:7F:4C:60:B7,91.08,44.07
2017-09-13T19:29:15.001157,5C:CF:7F:33:F7:F8,85.13,52.79
2017-09-13T19:29:15.002719,5C:CF:7F:34:00:63,91.72,42.75
2017-09-13T19:29:15.004312,5C:CF:7F:4C:5F:2B,91.23,43.56
2017-09-13T19:29:15.005361,2C:3A:E8:0E:DE:A0,91.35,44.04
2017-09-13T19:29:40.762574,5C:CF:7F:33:F7:F8,85.10,52.75
2017-09-13T19:29:50.920714,5C:CF:7F:34:00:63,91.52,42.81
2017-09-13T19:29:50.924990,5C:CF:7F:4C:5F:2B,91.13,43.40
2017-09-13T19:29:50.926591,2C:3A:E8:0E:DE:A0,91.19,44.18
2017-09-13T19:29:50.928188,5C:CF:7F:4C:60:B7,90.98,44.14
2017-09-13T19:30:15.038014,5C:CF:7F:4C:5F:2B,90.82,43.52
2017-09-13T19:30:17.413142,2C:3A:E8:0E:DE:A0,91.17,44.02
2017-09-13T19:30:18.060033,5C:CF:7F:33:F7:F8,84.98,52.76
2017-09-13T19:30:18.128045,5C:CF:7F:4C:60:B7,90.75,44.24
2017-09-13T19:30:21.551988,5C:CF:7F:34:00:63,91.37,43.03
2017-09-13T19:30:45.756802,5C:CF:7F:4C:5F:2B,90.65,43.78
2017-09-13T19:30:50.217859,2C:3A:E8:0E:DE:A0,91.17,44.19
2017-09-13T19:30:50.559478,5C:CF:7F:4C:60:B7,90.80,44.27
2017-09-13T19:30:50.563568,5C:CF:7F:33:F7:F8,84.98,52.93
2017-09-13T19:31:18.366269,5C:CF:7F:34:00:63,91.47,42.90
2017-09-13T19:31:18.368067,5C:CF:7F:4C:5F:2B,90.57,43.98
2017-09-13T19:31:22.877697,2C:3A:E8:0E:DE:A0,90.92,44.32
2017-09-13T19:31:23.007803,5C:CF:7F:33:F7:F8,84.83,53.06
2017-09-13T19:31:23.018609,5C:CF:7F:4C:60:B7,90.72,44.33
2017-09-13T19:31:40.954058,5C:CF:7F:34:00:63,91.60,42.98
2017-09-13T19:31:48.032563,5C:CF:7F:4C:5F:2B,90.57,43.80
2017-09-13T19:31:55.873220,2C:3A:E8:0E:DE:A0,91.04,44.11
2017-09-13T19:31:55.899821,5C:CF:7F:4C:60:B7,90.80,44.28
2017-09-13T19:31:56.555542,5C:CF:7F:33:F7:F8,84.93,52.99
2017-09-13T19:32:28.840633,5C:CF:7F:34:00:63,91.44,42.85
2017-09-13T19:32:28.845253,5C:CF:7F:4C:5F:2B,90.65,43.92
2017-09-13T19:32:28.846826,2C:3A:E8:0E:DE:A0,91.25,44.17
2017-09-13T19:32:28.848513,5C:CF:7F:4C:60:B7,90.92,44.20
2017-09-13T19:32:29.085142,5C:CF:7F:33:F7:F8,84.98,53.04
2017-09-13T19:36:19.303154,5C:CF:7F:4C:5F:2B,90.97,43.75
2017-09-13T19:36:19.304969,2C:3A:E8:0E:DE:A0,91.45,43.91
2017-09-13T19:36:19.306679,5C:CF:7F:4C:60:B7,91.05,43.96
2017-09-13T19:36:19.308282,5C:CF:7F:34:00:63,91.80,42.53
2017-09-13T19:36:19.309905,5C:CF:7F:33:F7:F8,85.10,52.72
2017-09-13T19:36:19.311587,5C:CF:7F:4C:60:B7,91.15,43.97
2017-09-13T19:36:19.313210,5C:CF:7F:34:00:63,91.85,42.53
2017-09-13T19:36:19.315018,5C:CF:7F:33:F7:F8,85.28,52.61
2017-09-13T19:36:19.316972,2C:3A:E8:0E:DE:A0,91.50,43.81
2017-09-13T19:36:19.318547,5C:CF:7F:4C:5F:2B,91.13,43.40
2017-09-13T19:36:19.320471,5C:CF:7F:4C:60:B7,91.10,44.04
2017-09-13T19:36:19.322747,5C:CF:7F:34:00:63,91.80,42.59
2017-09-13T19:36:19.324532,2C:3A:E8:0E:DE:A0,91.53,43.80
2017-09-13T19:36:19.325227,5C:CF:7F:33:F7:F8,85.31,52.53
2017-09-13T19:36:19.325905,5C:CF:7F:4C:60:B7,90.98,44.05
2017-09-13T19:36:19.326581,5C:CF:7F:34:00:63,91.72,42.73
2017-09-13T19:36:19.327260,2C:3A:E8:0E:DE:A0,91.60,43.76
2017-09-13T19:36:19.327941,5C:CF:7F:33:F7:F8,85.28,52.62
2017-09-13T19:36:19.328638,5C:CF:7F:4C:5F:2B,91.00,43.33
2017-09-13T19:36:19.329316,5C:CF:7F:4C:60:B7,90.92,44.15
2017-09-13T19:36:19.330037,5C:CF:7F:34:00:63,91.60,42.83
2017-09-13T19:36:19.330935,2C:3A:E8:0E:DE:A0,91.30,44.01
2017-09-13T19:36:19.331787,5C:CF:7F:4C:5F:2B,90.75,43.86
2017-09-13T19:36:19.332659,5C:CF:7F:4C:60:B7,91.05,44.17
2017-09-13T19:36:19.333777,5C:CF:7F:4C:5F:2B,91.30,43.45
2017-09-13T19:36:19.334493,5C:CF:7F:33:F7:F8,85.20,52.63
2017-09-13T19:36:19.335181,2C:3A:E8:0E:DE:A0,91.53,43.91
2017-09-13T19:36:19.335874,5C:CF:7F:34:00:63,91.87,42.61
2017-09-13T19:36:23.782923,5C:CF:7F:4C:5F:2B,90.54,43.85
2017-09-13T19:36:24.582456,2C:3A:E8:0E:DE:A0,91.50,44.28
2017-09-13T19:36:24.587220,5C:CF:7F:34:00:63,91.92,42.55
2017-09-13T19:36:24.600701,5C:CF:7F:33:F7:F8,85.23,52.61
2017-09-13T19:36:25.011576,5C:CF:7F:4C:60:B7,91.03,44.10
2017-09-13T19:37:04.424229,5C:CF:7F:34:00:63,91.85,42.58
2017-09-13T19:37:04.558780,5C:CF:7F:4C:5F:2B,90.14,44.26
2017-09-13T19:37:04.564032,5C:CF:7F:4C:60:B7,91.03,44.01
2017-09-13T19:37:04.565169,2C:3A:E8:0E:DE:A0,91.48,44.17
2017-09-13T19:37:04.566232,5C:CF:7F:33:F7:F8,85.28,52.73
2017-09-13T19:37:31.507074,5C:CF:7F:4C:60:B7,91.00,44.08
2017-09-13T19:37:31.570976,2C:3A:E8:0E:DE:A0,91.35,44.67
2017-09-13T19:37:31.584530,5C:CF:7F:33:F7:F8,85.23,52.74
2017-09-13T19:37:35.113798,5C:CF:7F:34:00:63,91.87,42.51
2017-09-13T19:37:39.481433,5C:CF:7F:4C:5F:2B,90.26,44.13
2017-09-13T19:38:04.059523,5C:CF:7F:4C:60:B7,91.10,43.84
2017-09-13T19:38:04.065797,2C:3A:E8:0E:DE:A0,91.33,44.62
2017-09-13T19:38:04.067549,5C:CF:7F:33:F7:F8,85.38,52.30
2017-09-13T19:38:05.763302,5C:CF:7F:34:00:63,91.80,42.39
2017-09-13T19:38:10.119458,5C:CF:7F:4C:5F:2B,90.24,44.23
2017-09-13T19:38:38.004473,5C:CF:7F:4C:60:B7,91.03,43.79
2017-09-13T19:38:38.010558,5C:CF:7F:33:F7:F8,85.36,52.12
2017-09-13T19:38:38.012065,2C:3A:E8:0E:DE:A0,91.35,44.19
2017-09-13T19:38:38.074618,5C:CF:7F:34:00:63,91.80,42.44
2017-09-13T19:38:40.762673,5C:CF:7F:4C:5F:2B,90.21,44.08
2017-09-13T19:39:12.800267,5C:CF:7F:33:F7:F8,85.56,52.41
2017-09-13T19:39:13.025150,5C:CF:7F:4C:60:B7,91.00,43.96
2017-09-13T19:39:13.032160,2C:3A:E8:0E:DE:A0,91.38,44.29
2017-09-13T19:39:13.037610,5C:CF:7F:34:00:63,91.92,42.40
2017-09-13T19:39:13.039088,5C:CF:7F:4C:5F:2B,90.06,44.20
2017-09-13T19:39:41.580988,5C:CF:7F:34:00:63,91.90,42.09
2017-09-13T19:39:53.430966,5C:CF:7F:33:F7:F8,85.48,52.12
2017-09-13T19:39:53.437766,5C:CF:7F:4C:60:B7,90.98,43.80
2017-09-13T19:39:53.439452,2C:3A:E8:0E:DE:A0,91.40,44.19
2017-09-13T19:39:53.441225,5C:CF:7F:4C:5F:2B,90.08,44.18
2017-09-13T19:40:12.216943,5C:CF:7F:34:00:63,91.87,42.24
2017-09-13T19:40:17.937453,5C:CF:7F:4C:60:B7,90.90,43.91
2017-09-13T19:40:18.160038,5C:CF:7F:4C:5F:2B,90.11,44.08
2017-09-13T19:40:18.178393,2C:3A:E8:0E:DE:A0,91.38,43.67
2017-09-13T19:40:24.081386,5C:CF:7F:33:F7:F8,85.46,51.90
2017-09-13T19:40:42.839066,5C:CF:7F:34:00:63,91.67,42.39
2017-09-13T19:40:48.658164,5C:CF:7F:4C:60:B7,90.85,43.82
2017-09-13T19:40:48.804096,5C:CF:7F:4C:5F:2B,90.29,43.82
2017-09-13T19:40:48.825825,2C:3A:E8:0E:DE:A0,91.35,44.08
2017-09-13T19:40:54.723886,5C:CF:7F:33:F7:F8,85.28,52.00
2017-09-13T19:41:13.462117,5C:CF:7F:34:00:63,91.72,42.19
2017-09-13T19:41:23.571601,5C:CF:7F:4C:60:B7,90.90,43.75
2017-09-13T19:41:24.359261,5C:CF:7F:4C:5F:2B,90.29,43.79
2017-09-13T19:41:24.403041,2C:3A:E8:0E:DE:A0,91.45,43.86
2017-09-13T19:41:25.339761,5C:CF:7F:33:F7:F8,85.26,52.04
2017-09-13T19:41:44.100630,5C:CF:7F:34:00:63,91.75,42.30
2017-09-13T19:41:54.245901,5C:CF:7F:4C:60:B7,90.82,43.84
2017-09-13T19:42:07.753166,2C:3A:E8:0E:DE:A0,91.33,43.94
2017-09-13T19:42:07.757823,5C:CF:7F:4C:5F:2B,89.93,44.04
2017-09-13T19:42:07.800729,5C:CF:7F:33:F7:F8,85.28,52.22
2017-09-13T19:42:14.717738,5C:CF:7F:34:00:63,91.67,42.19
2017-09-13T19:42:28.347529,5C:CF:7F:4C:60:B7,90.88,43.62
2017-09-13T19:42:40.819238,5C:CF:7F:4C:5F:2B,90.08,43.94
2017-09-13T19:42:40.834512,2C:3A:E8:0E:DE:A0,91.33,43.90
2017-09-13T19:42:40.836197,5C:CF:7F:33:F7:F8,85.08,52.13
2017-09-13T19:42:45.349305,5C:CF:7F:34:00:63,91.65,42.06
2017-09-13T19:42:59.024306,5C:CF:7F:4C:60:B7,90.82,43.63
2017-09-13T19:43:13.582099,2C:3A:E8:0E:DE:A0,91.40,43.37
2017-09-13T19:43:21.555798,5C:CF:7F:33:F7:F8,85.16,51.83
2017-09-13T19:43:21.559931,5C:CF:7F:4C:5F:2B,90.18,43.80
2017-09-13T19:43:21.561408,5C:CF:7F:34:00:63,91.70,41.94
2017-09-13T19:43:29.718734,5C:CF:7F:4C:60:B7,90.82,43.64
2017-09-13T19:44:03.730794,5C:CF:7F:34:00:63,91.57,42.22
2017-09-13T19:44:03.746732,2C:3A:E8:0E:DE:A0,91.40,43.72
2017-09-13T19:44:03.748323,5C:CF:7F:4C:5F:2B,90.21,43.62
2017-09-13T19:44:03.750000,5C:CF:7F:33:F7:F8,85.28,51.96
2017-09-13T19:44:03.751686,5C:CF:7F:4C:60:B7,90.75,43.38
2017-09-13T19:44:24.596217,5C:CF:7F:4C:5F:2B,90.26,43.53
2017-09-13T19:44:26.773370,5C:CF:7F:33:F7:F8,85.26,51.62
2017-09-13T19:44:26.777564,2C:3A:E8:0E:DE:A0,91.40,43.55
2017-09-13T19:44:45.977563,5C:CF:7F:4C:60:B7,90.78,43.43
2017-09-13T19:44:45.984718,5C:CF:7F:34:00:63,91.54,42.05
2017-09-13T19:44:59.139260,5C:CF:7F:4C:5F:2B,90.16,43.54
2017-09-13T19:44:59.143753,2C:3A:E8:0E:DE:A0,91.35,43.49
2017-09-13T19:44:59.345977,5C:CF:7F:33:F7:F8,85.31,51.72
2017-09-13T19:45:07.227275,5C:CF:7F:34:00:63,91.62,41.98
2017-09-13T19:45:16.719452,5C:CF:7F:4C:60:B7,90.72,43.61
2017-09-13T19:45:31.633360,2C:3A:E8:0E:DE:A0,91.22,43.24
2017-09-13T19:45:31.640579,5C:CF:7F:4C:5F:2B,90.04,43.67
2017-09-13T19:45:31.843886,5C:CF:7F:33:F7:F8,85.38,51.82
2017-09-13T19:45:51.170710,5C:CF:7F:34:00:63,91.77,41.96
2017-09-13T19:45:51.172186,5C:CF:7F:4C:60:B7,90.65,43.67
2017-09-13T19:46:04.282658,5C:CF:7F:4C:5F:2B,89.96,43.73
2017-09-13T19:46:04.300172,2C:3A:E8:0E:DE:A0,91.09,43.91
2017-09-13T19:46:04.306969,5C:CF:7F:33:F7:F8,85.38,51.55
2017-09-13T19:46:20.128754,5C:CF:7F:4C:60:B7,90.57,43.65
2017-09-13T19:46:25.239203,5C:CF:7F:34:00:63,91.70,41.96
2017-09-13T19:46:36.996045,5C:CF:7F:4C:5F:2B,89.98,43.59
2017-09-13T19:46:37.751247,2C:3A:E8:0E:DE:A0,91.09,43.51
2017-09-13T19:46:37.755438,5C:CF:7F:33:F7:F8,85.46,51.64
2017-09-13T19:47:04.675144,5C:CF:7F:34:00:63,91.75,41.82
2017-09-13T19:47:04.679847,5C:CF:7F:4C:60:B7,90.57,43.70
2017-09-13T19:47:09.653056,5C:CF:7F:4C:5F:2B,89.78,43.81
2017-09-13T19:47:09.914807,5C:CF:7F:33:F7:F8,85.46,51.52
2017-09-13T19:47:10.190812,2C:3A:E8:0E:DE:A0,90.84,43.78
2017-09-13T19:47:28.723239,5C:CF:7F:4C:60:B7,90.52,43.66
2017-09-13T19:47:35.441761,5C:CF:7F:34:00:63,91.65,41.89
2017-09-13T19:47:42.628610,5C:CF:7F:4C:5F:2B,89.70,43.79
2017-09-13T19:47:42.635963,5C:CF:7F:33:F7:F8,85.46,51.41
2017-09-13T19:47:42.744124,2C:3A:E8:0E:DE:A0,90.94,43.67
2017-09-13T19:48:20.142323,5C:CF:7F:4C:60:B7,90.52,43.57
2017-09-13T19:48:20.156724,5C:CF:7F:34:00:63,91.42,41.84
2017-09-13T19:48:20.158350,5C:CF:7F:33:F7:F8,85.44,51.16
2017-09-13T19:48:20.159946,5C:CF:7F:4C:5F:2B,89.78,43.73
2017-09-13T19:48:20.161668,2C:3A:E8:0E:DE:A0,90.79,43.88
2017-09-13T19:48:53.677574,5C:CF:7F:34:00:63,91.44,41.96
2017-09-13T19:48:53.681727,2C:3A:E8:0E:DE:A0,91.02,43.50
2017-09-13T19:48:53.683305,5C:CF:7F:4C:5F:2B,89.83,43.66
2017-09-13T19:48:53.684965,5C:CF:7F:33:F7:F8,85.48,50.97
2017-09-13T19:48:53.686588,5C:CF:7F:4C:60:B7,90.50,43.54
2017-09-13T19:49:17.162564,2C:3A:E8:0E:DE:A0,91.19,43.28
2017-09-13T19:49:29.904333,5C:CF:7F:4C:5F:2B,89.86,43.60
2017-09-13T19:49:29.908527,5C:CF:7F:4C:60:B7,90.60,43.38
2017-09-13T19:49:29.910116,5C:CF:7F:33:F7:F8,85.46,50.80
2017-09-13T19:49:29.911740,5C:CF:7F:34:00:63,91.47,41.72
2017-09-13T19:50:02.792750,2C:3A:E8:0E:DE:A0,91.27,43.33
2017-09-13T19:50:02.797773,5C:CF:7F:33:F7:F8,85.58,51.12
2017-09-13T19:50:03.941819,5C:CF:7F:4C:60:B7,90.50,43.49
2017-09-13T19:50:03.949553,5C:CF:7F:34:00:63,91.60,41.76
2017-09-13T19:50:03.951168,5C:CF:7F:4C:5F:2B,89.98,43.46
2017-09-13T19:50:24.631554,5C:CF:7F:33:F7:F8,85.51,51.01
2017-09-13T19:50:39.678555,5C:CF:7F:34:00:63,91.44,41.86
2017-09-13T19:50:39.688335,5C:CF:7F:4C:5F:2B,89.88,43.48
2017-09-13T19:50:39.689966,2C:3A:E8:0E:DE:A0,91.30,43.46
2017-09-13T19:50:39.691607,5C:CF:7F:4C:60:B7,90.37,43.54
2017-09-13T19:50:55.368570,5C:CF:7F:33:F7:F8,85.38,51.05
2017-09-13T19:51:06.585168,5C:CF:7F:4C:5F:2B,89.78,43.46
2017-09-13T19:51:06.616341,2C:3A:E8:0E:DE:A0,91.27,43.35
2017-09-13T19:51:06.629032,5C:CF:7F:4C:60:B7,90.31,43.52
2017-09-13T19:51:10.308189,5C:CF:7F:34:00:63,91.32,41.89
2017-09-13T19:51:26.047556,5C:CF:7F:33:F7:F8,85.23,51.13
2017-09-13T19:51:39.381286,2C:3A:E8:0E:DE:A0,91.17,42.67
2017-09-13T19:51:39.390151,5C:CF:7F:4C:60:B7,90.47,43.38
2017-09-13T19:51:39.396288,5C:CF:7F:4C:5F:2B,89.96,43.37
2017-09-13T19:51:43.188389,5C:CF:7F:34:00:63,91.37,41.61
2017-09-13T19:51:57.700823,5C:CF:7F:33:F7:F8,85.18,51.11
2017-09-13T19:52:11.994194,5C:CF:7F:4C:5F:2B,90.08,43.11
2017-09-13T19:52:12.001120,5C:CF:7F:4C:60:B7,90.50,43.36
2017-09-13T19:52:12.002669,2C:3A:E8:0E:DE:A0,91.27,43.11
2017-09-13T19:52:27.981131,5C:CF:7F:34:00:63,91.47,41.72
2017-09-13T19:52:32.405902,5C:CF:7F:33:F7:F8,85.23,51.13
2017-09-13T19:52:43.590179,5C:CF:7F:4C:60:B7,90.47,43.36
2017-09-13T19:52:43.599823,5C:CF:7F:4C:5F:2B,90.08,43.12
2017-09-13T19:52:43.601853,2C:3A:E8:0E:DE:A0,91.04,43.39
2017-09-13T19:52:59.028566,5C:CF:7F:33:F7:F8,85.20,51.04
2017-09-13T19:53:18.015301,5C:CF:7F:34:00:63,91.32,41.74
2017-09-13T19:53:18.023234,5C:CF:7F:4C:60:B7,90.47,43.36
2017-09-13T19:53:18.024846,5C:CF:7F:4C:5F:2B,90.31,42.95
2017-09-13T19:53:18.026480,2C:3A:E8:0E:DE:A0,91.02,42.93
2017-09-13T19:53:29.741082,5C:CF:7F:33:F7:F8,85.36,50.97
2017-09-13T19:53:45.055629,2C:3A:E8:0E:DE:A0,91.04,43.19
2017-09-13T19:53:45.065439,5C:CF:7F:4C:5F:2B,90.16,43.02
2017-09-13T19:53:45.071971,5C:CF:7F:4C:60:B7,90.44,43.43
2017-09-13T19:53:48.650662,5C:CF:7F:34:00:63,91.37,41.80
2017-09-13T19:54:05.440783,5C:CF:7F:33:F7:F8,85.46,50.89
2017-09-13T19:54:25.707502,2C:3A:E8:0E:DE:A0,91.07,43.09
2017-09-13T19:54:25.711628,5C:CF:7F:4C:60:B7,90.47,43.32
2017-09-13T19:54:25.713281,5C:CF:7F:4C:5F:2B,90.18,42.97
2017-09-13T19:54:25.714972,5C:CF:7F:34:00:63,91.50,41.72
2017-09-13T19:54:36.116691,5C:CF:7F:33:F7:F8,85.48,50.86
2017-09-13T19:55:06.280027,5C:CF:7F:4C:5F:2B,90.18,42.97
2017-09-13T19:55:06.284271,5C:CF:7F:34:00:63,91.47,41.72
2017-09-13T19:55:06.286015,2C:3A:E8:0E:DE:A0,91.02,43.09
2017-09-13T19:55:06.287654,5C:CF:7F:4C:60:B7,90.47,43.29
2017-09-13T19:55:06.818354,5C:CF:7F:33:F7:F8,85.33,50.82
2017-09-13T19:55:51.106540,2C:3A:E8:0E:DE:A0,91.19,42.67
2017-09-13T19:55:51.111127,5C:CF:7F:34:00:63,91.47,41.44
2017-09-13T19:55:51.112755,5C:CF:7F:4C:60:B7,90.52,42.98
2017-09-13T19:55:51.114415,5C:CF:7F:4C:5F:2B,90.16,42.90
2017-09-13T19:55:51.116070,5C:CF:7F:33:F7:F8,85.26,50.77
2017-09-13T19:56:11.971771,5C:CF:7F:4C:60:B7,90.57,43.13
2017-09-13T19:56:12.204611,5C:CF:7F:33:F7:F8,85.23,50.98
2017-09-13T19:56:12.211508,5C:CF:7F:34:00:63,91.44,41.52
2017-09-13T19:56:12.212938,5C:CF:7F:4C:5F:2B,90.34,42.68
2017-09-13T19:56:21.738112,2C:3A:E8:0E:DE:A0,91.43,42.71
2017-09-13T19:56:43.673327,5C:CF:7F:4C:60:B7,90.57,43.00
2017-09-13T19:56:45.455026,5C:CF:7F:34:00:63,91.54,41.32
2017-09-13T19:56:45.458630,5C:CF:7F:4C:5F:2B,90.26,42.73
2017-09-13T19:56:45.593550,5C:CF:7F:33:F7:F8,85.23,50.80
2017-09-13T19:56:52.674131,2C:3A:E8:0E:DE:A0,91.45,42.51
2017-09-13T19:57:18.347081,5C:CF:7F:4C:60:B7,90.55,43.04
2017-09-13T19:57:18.370134,5C:CF:7F:4C:5F:2B,90.06,42.83
2017-09-13T19:57:18.378237,5C:CF:7F:34:00:63,91.62,41.36
2017-09-13T19:57:18.457883,5C:CF:7F:33:F7:F8,85.18,50.89
2017-09-13T19:57:26.137955,2C:3A:E8:0E:DE:A0,91.27,42.46
2017-09-13T19:57:49.162526,5C:CF:7F:4C:60:B7,90.50,42.78
2017-09-13T19:57:49.177995,5C:CF:7F:34:00:63,91.42,41.12
2017-09-13T19:57:49.221684,5C:CF:7F:4C:5F:2B,90.39,42.63
2017-09-13T19:57:49.231011,5C:CF:7F:33:F7:F8,85.03,50.59
2017-09-13T19:58:06.766642,2C:3A:E8:0E:DE:A0,91.15,42.42
2017-09-13T19:58:25.423638,5C:CF:7F:4C:60:B7,90.62,42.85
2017-09-13T19:58:26.359421,5C:CF:7F:4C:5F:2B,90.44,42.46
2017-09-13T19:58:30.006051,5C:CF:7F:34:00:63,91.47,41.32
2017-09-13T19:58:30.012670,5C:CF:7F:33:F7:F8,85.13,50.82
2017-09-13T19:58:37.447750,2C:3A:E8:0E:DE:A0,91.15,42.36
2017-09-13T19:59:05.455076,5C:CF:7F:33:F7:F8,85.20,50.70
2017-09-13T19:59:05.459276,5C:CF:7F:4C:5F:2B,90.79,42.12
2017-09-13T19:59:05.460893,5C:CF:7F:4C:60:B7,90.39,43.02
2017-09-13T19:59:05.462589,5C:CF:7F:34:00:63,91.16,41.73
2017-09-13T19:59:23.072043,2C:3A:E8:0E:DE:A0,90.97,42.95
2017-09-13T19:59:28.668727,5C:CF:7F:4C:5F:2B,90.77,42.11
2017-09-13T19:59:28.676058,5C:CF:7F:4C:60:B7,90.34,43.11
2017-09-13T19:59:31.284393,5C:CF:7F:34:00:63,91.21,41.59
2017-09-13T19:59:36.181423,5C:CF:7F:33:F7:F8,85.31,50.80
2017-09-13T20:00:08.687811,2C:3A:E8:0E:DE:A0,90.87,42.75
2017-09-13T20:00:09.762663,5C:CF:7F:4C:5F:2B,90.54,42.19
2017-09-13T20:00:09.784499,5C:CF:7F:4C:60:B7,90.39,43.09
2017-09-13T20:00:09.786707,5C:CF:7F:34:00:63,91.32,41.56
2017-09-13T20:00:09.788341,5C:CF:7F:33:F7:F8,85.26,50.73
2017-09-13T20:00:34.529574,5C:CF:7F:34:00:63,91.47,41.36
2017-09-13T20:00:37.435657,5C:CF:7F:33:F7:F8,85.36,50.54
2017-09-13T20:00:39.308399,2C:3A:E8:0E:DE:A0,90.97,42.77
2017-09-13T20:00:40.458247,5C:CF:7F:4C:5F:2B,90.26,42.54
2017-09-13T20:00:40.465640,5C:CF:7F:4C:60:B7,90.42,43.04
2017-09-13T20:01:05.149467,5C:CF:7F:34:00:63,91.32,41.23
2017-09-13T20:01:08.115793,5C:CF:7F:33:F7:F8,85.16,50.49
2017-09-13T20:01:09.987031,2C:3A:E8:0E:DE:A0,90.97,42.51
2017-09-13T20:01:13.738780,5C:CF:7F:4C:5F:2B,90.57,42.24
2017-09-13T20:01:14.113727,5C:CF:7F:4C:60:B7,90.39,42.89
2017-09-13T20:01:35.798733,5C:CF:7F:34:00:63,91.37,41.27
2017-09-13T20:01:50.051066,5C:CF:7F:33:F7:F8,85.06,50.75
2017-09-13T20:01:55.050608,2C:3A:E8:0E:DE:A0,91.02,42.87
2017-09-13T20:01:55.052281,5C:CF:7F:4C:5F:2B,90.49,42.22
2017-09-13T20:01:55.054037,5C:CF:7F:4C:60:B7,90.44,42.89
2017-09-13T20:02:06.492739,5C:CF:7F:34:00:63,91.39,41.26
2017-09-13T20:02:16.006844,5C:CF:7F:4C:5F:2B,90.29,42.35
2017-09-13T20:02:16.196042,5C:CF:7F:4C:60:B7,90.57,42.88
2017-09-13T20:02:16.229105,2C:3A:E8:0E:DE:A0,91.09,42.40
2017-09-13T20:02:25.668696,5C:CF:7F:33:F7:F8,85.06,50.72
2017-09-13T20:02:37.195664,5C:CF:7F:34:00:63,91.37,41.29
2017-09-13T20:02:46.639457,5C:CF:7F:4C:5F:2B,90.34,42.30
2017-09-13T20:02:46.832727,5C:CF:7F:4C:60:B7,90.52,42.73
2017-09-13T20:02:46.862737,2C:3A:E8:0E:DE:A0,91.07,42.48
2017-09-13T20:02:56.308992,5C:CF:7F:33:F7:F8,85.13,50.68
2017-09-13T20:03:07.916037,5C:CF:7F:34:00:63,91.26,41.21
2017-09-13T20:03:17.303782,5C:CF:7F:4C:5F:2B,90.29,42.35
2017-09-13T20:03:17.468436,5C:CF:7F:4C:60:B7,90.55,42.62
2017-09-13T20:03:17.499269,2C:3A:E8:0E:DE:A0,91.04,42.32
2017-09-13T20:03:26.939140,5C:CF:7F:33:F7:F8,85.20,50.18
2017-09-13T20:03:38.538812,5C:CF:7F:34:00:63,91.21,41.12
2017-09-13T20:03:47.975352,5C:CF:7F:4C:5F:2B,90.34,42.21
2017-09-13T20:04:08.155741,5C:CF:7F:4C:60:B7,90.55,42.54
2017-09-13T20:04:08.166318,2C:3A:E8:0E:DE:A0,91.22,42.18
2017-09-13T20:04:08.167900,5C:CF:7F:33:F7:F8,85.20,50.39
2017-09-13T20:04:09.248487,5C:CF:7F:34:00:63,91.32,41.20
2017-09-13T20:04:18.631899,5C:CF:7F:4C:5F:2B,90.62,42.11
2017-09-13T20:04:38.801557,2C:3A:E8:0E:DE:A0,91.17,41.99
2017-09-13T20:04:38.805699,5C:CF:7F:33:F7:F8,85.13,50.05
2017-09-13T20:04:38.818541,5C:CF:7F:4C:60:B7,90.60,42.26
2017-09-13T20:04:39.880618,5C:CF:7F:34:00:63,91.50,40.85
2017-09-13T20:04:49.246342,5C:CF:7F:4C:5F:2B,90.92,41.71
2017-09-13T20:05:19.408204,5C:CF:7F:33:F7:F8,85.08,50.15
2017-09-13T20:05:19.412992,5C:CF:7F:34:00:63,91.52,40.88
2017-09-13T20:05:19.414235,2C:3A:E8:0E:DE:A0,91.30,41.86
2017-09-13T20:05:19.415470,5C:CF:7F:4C:60:B7,90.67,42.36
2017-09-13T20:05:32.727966,5C:CF:7F:4C:5F:2B,90.72,41.84
2017-09-13T20:05:48.663397,2C:3A:E8:0E:DE:A0,91.35,42.11
2017-09-13T20:05:49.090934,5C:CF:7F:4C:60:B7,90.70,42.37
2017-09-13T20:05:49.095185,5C:CF:7F:34:00:63,91.37,41.02
2017-09-13T20:05:50.063342,5C:CF:7F:33:F7:F8,84.95,50.50
2017-09-13T20:06:03.364539,5C:CF:7F:4C:5F:2B,90.44,42.05
2017-09-13T20:06:24.445512,2C:3A:E8:0E:DE:A0,91.35,42.21
2017-09-13T20:06:24.449601,5C:CF:7F:33:F7:F8,85.08,50.53
2017-09-13T20:06:24.451182,5C:CF:7F:4C:60:B7,90.60,42.36
2017-09-13T20:06:24.452858,5C:CF:7F:34:00:63,91.44,40.99
2017-09-13T20:06:33.994501,5C:CF:7F:4C:5F:2B,90.26,42.23
2017-09-13T20:07:04.149414,5C:CF:7F:4C:60:B7,90.42,42.63
2017-09-13T20:07:04.153637,5C:CF:7F:34:00:63,91.32,41.19
2017-09-13T20:07:04.692151,5C:CF:7F:33:F7:F8,85.08,50.50
2017-09-13T20:07:04.700057,2C:3A:E8:0E:DE:A0,90.99,42.41
2017-09-13T20:07:04.701747,5C:CF:7F:4C:5F:2B,90.39,42.06
2017-09-13T20:07:30.281248,2C:3A:E8:0E:DE:A0,90.89,42.60
2017-09-13T20:07:34.963564,5C:CF:7F:34:00:63,91.42,41.10
2017-09-13T20:07:34.974902,5C:CF:7F:4C:60:B7,90.34,42.73
2017-09-13T20:07:40.876094,5C:CF:7F:33:F7:F8,85.28,50.48
2017-09-13T20:07:40.888461,5C:CF:7F:4C:5F:2B,90.21,42.18
2017-09-13T20:08:00.899735,2C:3A:E8:0E:DE:A0,90.89,42.45
2017-09-13T20:08:05.708553,5C:CF:7F:4C:60:B7,90.34,42.71
2017-09-13T20:08:05.716792,5C:CF:7F:34:00:63,91.37,41.02
2017-09-13T20:08:10.960753,5C:CF:7F:4C:5F:2B,90.14,42.22
2017-09-13T20:08:11.526636,5C:CF:7F:33:F7:F8,85.41,50.05
2017-09-13T20:08:31.532319,2C:3A:E8:0E:DE:A0,90.94,42.42
2017-09-13T20:08:42.713953,5C:CF:7F:34:00:63,91.34,41.01
2017-09-13T20:08:45.832186,5C:CF:7F:4C:60:B7,90.44,42.57
2017-09-13T20:08:45.845720,5C:CF:7F:33:F7:F8,85.38,49.87
2017-09-13T20:08:45.847291,5C:CF:7F:4C:5F:2B,90.04,42.41
2017-09-13T20:09:02.612094,2C:3A:E8:0E:DE:A0,91.12,42.35
2017-09-13T20:09:12.798925,5C:CF:7F:33:F7:F8,85.38,49.95
2017-09-13T20:09:13.089177,5C:CF:7F:4C:5F:2B,90.18,42.21
2017-09-13T20:09:13.334300,5C:CF:7F:34:00:63,91.44,40.92
2017-09-13T20:09:16.518628,5C:CF:7F:4C:60:B7,90.52,42.42
2017-09-13T20:09:33.339506,2C:3A:E8:0E:DE:A0,91.25,42.01
2017-09-13T20:09:45.487670,5C:CF:7F:33:F7:F8,85.41,49.95
2017-09-13T20:09:45.664053,5C:CF:7F:4C:5F:2B,89.91,42.37
2017-09-13T20:09:45.909506,5C:CF:7F:34:00:63,91.50,40.86
2017-09-13T20:09:47.292290,5C:CF:7F:4C:60:B7,90.50,42.48
2017-09-13T20:10:04.065517,2C:3A:E8:0E:DE:A0,91.12,42.12
2017-09-13T20:10:16.145136,5C:CF:7F:33:F7:F8,85.38,49.78
2017-09-13T20:10:18.611868,5C:CF:7F:4C:5F:2B,89.96,42.36
2017-09-13T20:10:18.623202,5C:CF:7F:34:00:63,91.50,40.74
2017-09-13T20:10:18.702353,5C:CF:7F:4C:60:B7,90.44,42.48
2017-09-13T20:10:34.708204,2C:3A:E8:0E:DE:A0,90.92,42.25
2017-09-13T20:10:46.825269,5C:CF:7F:33:F7:F8,85.23,49.97
2017-09-13T20:10:49.254531,5C:CF:7F:4C:5F:2B,89.93,42.35
2017-09-13T20:10:49.281942,5C:CF:7F:34:00:63,91.37,40.75
2017-09-13T20:10:49.343501,5C:CF:7F:4C:60:B7,90.31,42.37
2017-09-13T20:11:05.334256,2C:3A:E8:0E:DE:A0,90.99,42.00
2017-09-13T20:11:27.443549,5C:CF:7F:33:F7:F8,85.08,49.90
2017-09-13T20:11:27.450437,5C:CF:7F:4C:60:B7,90.39,42.33
2017-09-13T20:11:27.452001,5C:CF:7F:4C:5F:2B,90.06,42.19
2017-09-13T20:11:27.453549,5C:CF:7F:34:00:63,91.37,40.69
2017-09-13T20:11:58.145422,2C:3A:E8:0E:DE:A0,91.04,41.95
2017-09-13T20:11:58.150305,5C:CF:7F:4C:5F:2B,90.04,42.23
2017-09-13T20:11:58.152047,5C:CF:7F:34:00:63,91.18,40.87
2017-09-13T20:11:58.153887,5C:CF:7F:4C:60:B7,90.39,42.38
2017-09-13T20:12:08.873874,5C:CF:7F:33:F7:F8,84.93,50.05
2017-09-13T20:12:25.417494,5C:CF:7F:4C:5F:2B,90.04,42.26
2017-09-13T20:12:25.438078,5C:CF:7F:34:00:63,91.21,40.91
2017-09-13T20:12:25.457537,5C:CF:7F:4C:60:B7,90.42,42.41
2017-09-13T20:12:28.776028,2C:3A:E8:0E:DE:A0,90.84,42.09
2017-09-13T20:12:39.622583,5C:CF:7F:33:F7:F8,85.00,50.24
2017-09-13T20:12:56.048654,5C:CF:7F:4C:5F:2B,90.16,42.10
2017-09-13T20:13:01.276207,5C:CF:7F:34:00:63,91.18,40.99
2017-09-13T20:13:01.290179,5C:CF:7F:4C:60:B7,90.34,42.41
2017-09-13T20:13:01.291915,2C:3A:E8:0E:DE:A0,90.87,42.30
2017-09-13T20:13:10.257901,5C:CF:7F:33:F7:F8,85.16,50.07
2017-09-13T20:13:37.377502,5C:CF:7F:4C:5F:2B,90.26,42.05
2017-09-13T20:13:37.384738,5C:CF:7F:34:00:63,91.11,41.02
2017-09-13T20:13:37.386319,2C:3A:E8:0E:DE:A0,90.84,42.27
2017-09-13T20:13:37.387976,5C:CF:7F:4C:60:B7,90.31,42.50
2017-09-13T20:13:40.925416,5C:CF:7F:33:F7:F8,85.16,50.14
2017-09-13T20:14:09.314770,5C:CF:7F:4C:60:B7,90.29,42.47
2017-09-13T20:14:09.378246,2C:3A:E8:0E:DE:A0,91.07,42.05
2017-09-13T20:14:09.385743,5C:CF:7F:34:00:63,91.29,40.95
2017-09-13T20:14:09.387551,5C:CF:7F:4C:5F:2B,90.06,42.02
2017-09-13T20:14:11.584161,5C:CF:7F:33:F7:F8,85.18,50.00
2017-09-13T20:14:40.051821,5C:CF:7F:4C:60:B7,90.34,42.34
2017-09-13T20:14:44.661454,5C:CF:7F:34:00:63,91.34,40.88
2017-09-13T20:14:44.665646,5C:CF:7F:4C:5F:2B,89.93,42.13
2017-09-13T20:14:44.667276,2C:3A:E8:0E:DE:A0,91.09,42.04
2017-09-13T20:14:44.668935,5C:CF:7F:33:F7:F8,85.23,50.04
2017-09-13T20:15:10.726880,5C:CF:7F:4C:60:B7,90.29,42.35
2017-09-13T20:15:15.103095,5C:CF:7F:4C:5F:2B,89.80,42.27
2017-09-13T20:15:17.361309,5C:CF:7F:33:F7:F8,85.28,49.79
2017-09-13T20:15:17.370414,2C:3A:E8:0E:DE:A0,90.89,42.11
2017-09-13T20:15:17.372130,5C:CF:7F:34:00:63,91.21,40.77
2017-09-13T20:15:41.350399,5C:CF:7F:4C:60:B7,90.27,42.43
2017-09-13T20:15:52.549094,5C:CF:7F:4C:5F:2B,89.80,42.33
2017-09-13T20:15:52.550787,5C:CF:7F:34:00:63,91.32,40.85
2017-09-13T20:15:52.552422,2C:3A:E8:0E:DE:A0,90.67,42.07
2017-09-13T20:15:52.554078,5C:CF:7F:33:F7:F8,85.26,49.79
2017-09-13T20:16:28.251594,5C:CF:7F:4C:5F:2B,89.96,42.20
2017-09-13T20:16:28.255758,5C:CF:7F:34:00:63,90.93,40.94
2017-09-13T20:16:28.257372,2C:3A:E8:0E:DE:A0,90.23,42.38
2017-09-13T20:16:28.258999,5C:CF:7F:33:F7:F8,85.06,49.82
2017-09-13T20:16:28.260636,5C:CF:7F:4C:60:B7,90.27,42.35
2017-09-13T20:17:17.850791,5C:CF:7F:4C:60:B7,90.21,42.52
2017-09-13T20:17:21.318362,5C:CF:7F:34:00:63,91.14,41.02
2017-09-13T20:17:21.320028,2C:3A:E8:0E:DE:A0,90.52,42.55
2017-09-13T20:17:21.321599,5C:CF:7F:33:F7:F8,85.03,50.00
2017-09-13T20:17:21.323130,5C:CF:7F:4C:5F:2B,90.06,42.00
2017-09-13T20:17:36.875467,2C:3A:E8:0E:DE:A0,90.72,42.23
2017-09-13T20:17:38.160072,5C:CF:7F:33:F7:F8,85.00,49.90
2017-09-13T20:17:38.181968,5C:CF:7F:4C:5F:2B,89.91,42.10
2017-09-13T20:17:40.249669,5C:CF:7F:34:00:63,91.26,40.68
2017-09-13T20:18:03.091912,5C:CF:7F:4C:60:B7,90.29,42.38
2017-09-13T20:18:03.093926,5C:CF:7F:4C:5F:2B,89.98,42.02
2017-09-13T20:18:56.009326,2C:3A:E8:0E:DE:A0,90.56,42.36
2017-09-13T20:18:56.011122,5C:CF:7F:33:F7:F8,85.06,49.84
2017-09-13T20:18:56.012808,5C:CF:7F:34:00:63,91.24,40.67
2017-09-13T20:18:56.014427,5C:CF:7F:4C:5F:2B,89.98,41.97
2017-09-13T20:18:56.016054,5C:CF:7F:4C:60:B7,90.37,42.20
2017-09-13T20:18:56.017719,5C:CF:7F:34:00:63,91.21,40.68
2017-09-13T20:18:56.019339,5C:CF:7F:33:F7:F8,85.10,49.77
2017-09-13T20:19:07.514287,5C:CF:7F:4C:5F:2B,89.78,42.15
2017-09-13T20:19:07.657916,5C:CF:7F:4C:60:B7,90.50,42.13
2017-09-13T20:19:14.395027,2C:3A:E8:0E:DE:A0,90.84,42.08
2017-09-13T20:19:25.638847,5C:CF:7F:33:F7:F8,85.26,49.76
2017-09-13T20:19:49.148151,5C:CF:7F:34:00:63,91.37,40.58
2017-09-13T20:19:49.150016,5C:CF:7F:4C:60:B7,90.21,42.21
2017-09-13T20:19:49.151651,5C:CF:7F:4C:5F:2B,90.11,41.92
2017-09-13T20:19:49.153322,2C:3A:E8:0E:DE:A0,90.64,42.20
2017-09-13T20:19:56.864680,5C:CF:7F:33:F7:F8,85.26,49.58
2017-09-13T20:20:10.563203,5C:CF:7F:4C:5F:2B,89.83,42.05
2017-09-13T20:20:10.896934,5C:CF:7F:4C:60:B7,90.34,42.37
2017-09-13T20:20:15.650928,2C:3A:E8:0E:DE:A0,90.72,42.16
2017-09-13T20:20:47.552692,5C:CF:7F:34:00:63,91.29,40.76
2017-09-13T20:20:47.564718,5C:CF:7F:33:F7:F8,85.13,49.62
2017-09-13T20:20:47.566272,5C:CF:7F:4C:5F:2B,89.96,42.02
2017-09-13T20:20:47.567866,5C:CF:7F:4C:60:B7,90.39,42.00
2017-09-13T20:20:47.569635,2C:3A:E8:0E:DE:A0,90.77,41.83
2017-09-13T20:21:00.929081,5C:CF:7F:33:F7:F8,85.00,49.84
2017-09-13T20:21:32.756565,5C:CF:7F:4C:5F:2B,89.88,42.02
2017-09-13T20:21:32.761075,5C:CF:7F:4C:60:B7,90.47,41.99
2017-09-13T20:21:32.762659,2C:3A:E8:0E:DE:A0,90.82,42.04
2017-09-13T20:21:32.764256,5C:CF:7F:34:00:63,91.26,40.63
2017-09-13T20:21:32.765374,5C:CF:7F:33:F7:F8,85.03,49.82
2017-09-13T20:22:09.799617,5C:CF:7F:4C:60:B7,90.44,41.94
2017-09-13T20:22:09.802386,2C:3A:E8:0E:DE:A0,90.89,41.85
2017-09-13T20:22:09.803767,5C:CF:7F:34:00:63,91.21,40.60
2017-09-13T20:22:09.804947,5C:CF:7F:33:F7:F8,85.00,49.77
2017-09-13T20:22:09.806139,5C:CF:7F:4C:5F:2B,89.78,42.06
2017-09-13T20:22:20.476563,2C:3A:E8:0E:DE:A0,90.69,41.95
2017-09-13T20:22:34.668580,5C:CF:7F:33:F7:F8,84.90,49.73
2017-09-13T20:22:34.677183,5C:CF:7F:34:00:63,90.91,40.75
2017-09-13T20:22:40.784004,5C:CF:7F:4C:5F:2B,89.93,41.94
2017-09-13T20:22:41.162776,5C:CF:7F:4C:60:B7,90.24,42.15
2017-09-13T20:22:51.093112,2C:3A:E8:0E:DE:A0,90.56,42.10
2017-09-13T20:23:06.646014,5C:CF:7F:34:00:63,91.08,40.79
2017-09-13T20:23:17.262634,5C:CF:7F:33:F7:F8,85.06,49.82
2017-09-13T20:23:17.268015,5C:CF:7F:4C:60:B7,90.24,42.16
2017-09-13T20:23:17.269781,5C:CF:7F:4C:5F:2B,90.01,41.77
2017-09-13T20:23:46.818300,2C:3A:E8:0E:DE:A0,90.59,42.13
2017-09-13T20:23:46.822397,5C:CF:7F:34:00:63,91.14,40.74
2017-09-13T20:23:46.823961,5C:CF:7F:4C:60:B7,90.27,42.15
2017-09-13T20:23:46.825542,5C:CF:7F:4C:5F:2B,89.88,41.95
2017-09-13T20:23:47.899136,5C:CF:7F:33:F7:F8,85.18,49.65
2017-09-13T20:24:08.901769,5C:CF:7F:34:00:63,91.26,40.51
2017-09-13T20:24:13.982354,5C:CF:7F:4C:60:B7,90.29,42.14
2017-09-13T20:24:14.666008,5C:CF:7F:4C:5F:2B,89.86,42.02
2017-09-13T20:24:17.437610,2C:3A:E8:0E:DE:A0,90.33,42.15
2017-09-13T20:24:18.597877,5C:CF:7F:33:F7:F8,85.26,49.46
2017-09-13T20:24:39.564085,5C:CF:7F:34:00:63,91.29,40.50
2017-09-13T20:24:44.600778,5C:CF:7F:4C:60:B7,90.21,42.16
2017-09-13T20:24:45.363374,5C:CF:7F:4C:5F:2B,89.73,42.03
2017-09-13T20:24:48.060747,2C:3A:E8:0E:DE:A0,90.33,42.21
2017-09-13T20:24:49.277629,5C:CF:7F:33:F7:F8,85.23,49.38
2017-09-13T20:25:10.187067,5C:CF:7F:34:00:63,91.04,40.69
2017-09-13T20:25:15.263622,5C:CF:7F:4C:60:B7,90.17,42.23
2017-09-13T20:25:25.985658,5C:CF:7F:4C:5F:2B,89.70,42.07
2017-09-13T20:25:25.992738,2C:3A:E8:0E:DE:A0,90.36,42.22
2017-09-13T20:25:25.994331,5C:CF:7F:33:F7:F8,85.18,49.49
2017-09-13T20:25:45.898535,5C:CF:7F:34:00:63,91.14,40.69
2017-09-13T20:25:57.120167,5C:CF:7F:4C:60:B7,90.11,42.27
2017-09-13T20:25:57.122105,2C:3A:E8:0E:DE:A0,90.36,42.11
2017-09-13T20:25:57.123748,5C:CF:7F:33:F7:F8,85.08,49.50
2017-09-13T20:25:57.125416,5C:CF:7F:4C:5F:2B,89.98,41.86
2017-09-13T20:26:16.527340,5C:CF:7F:34:00:63,90.93,40.84
2017-09-13T20:26:22.685467,2C:3A:E8:0E:DE:A0,90.28,42.31
2017-09-13T20:26:23.017058,5C:CF:7F:33:F7:F8,84.98,49.63
2017-09-13T20:26:27.415479,5C:CF:7F:4C:5F:2B,89.83,41.93
2017-09-13T20:26:31.567875,5C:CF:7F:4C:60:B7,90.09,42.22
2017-09-13T20:26:47.145641,5C:CF:7F:34:00:63,91.04,40.64
2017-09-13T20:26:53.317110,2C:3A:E8:0E:DE:A0,90.62,41.91
2017-09-13T20:27:04.862057,5C:CF:7F:33:F7:F8,84.80,49.69
2017-09-13T20:27:09.926310,5C:CF:7F:4C:5F:2B,90.16,41.65
2017-09-13T20:27:09.933003,5C:CF:7F:4C:60:B7,90.09,42.14
2017-09-13T20:27:17.832116,5C:CF:7F:34:00:63,91.08,40.66
2017-09-13T20:27:23.934001,2C:3A:E8:0E:DE:A0,90.64,41.97
2017-09-13T20:27:35.070327,5C:CF:7F:4C:60:B7,90.19,42.15
2017-09-13T20:27:50.534361,5C:CF:7F:33:F7:F8,84.83,49.79
2017-09-13T20:27:52.628643,5C:CF:7F:4C:5F:2B,89.98,41.80
2017-09-13T20:27:52.633937,5C:CF:7F:34:00:63,91.14,40.69
2017-09-13T20:27:54.601893,2C:3A:E8:0E:DE:A0,90.67,41.90
2017-09-13T20:28:28.723947,5C:CF:7F:4C:60:B7,90.14,42.19
2017-09-13T20:28:28.725847,5C:CF:7F:34:00:63,90.96,40.70
2017-09-13T20:28:28.727464,5C:CF:7F:33:F7:F8,84.93,49.63
2017-09-13T20:28:28.729081,2C:3A:E8:0E:DE:A0,90.56,41.99
2017-09-13T20:28:28.730680,5C:CF:7F:4C:5F:2B,90.11,41.66
2017-09-13T20:29:00.643725,5C:CF:7F:34:00:63,90.98,40.70
2017-09-13T20:29:00.647866,5C:CF:7F:4C:60:B7,90.19,42.11
2017-09-13T20:29:00.649473,2C:3A:E8:0E:DE:A0,90.64,41.93
2017-09-13T20:29:00.651071,5C:CF:7F:33:F7:F8,85.03,49.61
2017-09-13T20:29:00.652601,5C:CF:7F:4C:5F:2B,89.91,41.86
2017-09-13T20:29:24.163784,5C:CF:7F:4C:60:B7,90.21,42.12
2017-09-13T20:29:29.947088,2C:3A:E8:0E:DE:A0,90.43,42.03
2017-09-13T20:29:32.247159,5C:CF:7F:33:F7:F8,85.10,49.56
2017-09-13T20:29:32.260731,5C:CF:7F:34:00:63,91.11,40.68
2017-09-13T20:29:32.262330,5C:CF:7F:4C:5F:2B,89.83,41.84
2017-09-13T20:30:00.426588,5C:CF:7F:4C:60:B7,90.19,42.00
2017-09-13T20:30:05.732616,5C:CF:7F:33:F7:F8,85.00,49.45
2017-09-13T20:30:05.940935,2C:3A:E8:0E:DE:A0,90.54,41.93
2017-09-13T20:30:05.949307,5C:CF:7F:34:00:63,91.14,40.49
2017-09-13T20:30:05.950656,5C:CF:7F:4C:5F:2B,89.93,41.78
2017-09-13T20:30:31.077764,5C:CF:7F:4C:60:B7,90.29,42.04
2017-09-13T20:30:39.723075,5C:CF:7F:4C:5F:2B,89.86,41.84
2017-09-13T20:30:39.729724,5C:CF:7F:34:00:63,91.24,40.40
2017-09-13T20:30:39.731184,2C:3A:E8:0E:DE:A0,90.77,41.59
2017-09-13T20:30:39.732708,5C:CF:7F:33:F7:F8,84.85,49.67
2017-09-13T20:31:01.722020,5C:CF:7F:4C:60:B7,90.21,42.07
2017-09-13T20:31:14.729718,2C:3A:E8:0E:DE:A0,90.79,41.70
2017-09-13T20:31:14.747191,5C:CF:7F:4C:5F:2B,89.68,42.03
2017-09-13T20:31:14.908392,5C:CF:7F:34:00:63,91.26,40.44
2017-09-13T20:31:14.926754,5C:CF:7F:33:F7:F8,84.88,49.68
2017-09-13T20:31:32.549474,5C:CF:7F:4C:60:B7,90.17,42.07
2017-09-13T20:31:46.661473,5C:CF:7F:4C:5F:2B,89.55,42.06
2017-09-13T20:31:49.364139,5C:CF:7F:34:00:63,91.18,40.47
2017-09-13T20:31:50.603616,5C:CF:7F:33:F7:F8,84.90,49.65
2017-09-13T20:31:56.883910,2C:3A:E8:0E:DE:A0,90.79,41.70
2017-09-13T20:32:26.416943,5C:CF:7F:4C:60:B7,90.34,42.00
2017-09-13T20:32:31.411949,5C:CF:7F:4C:5F:2B,89.45,42.24
2017-09-13T20:32:33.375083,5C:CF:7F:34:00:63,91.26,40.42
2017-09-13T20:32:33.391143,5C:CF:7F:33:F7:F8,84.95,49.71
2017-09-13T20:32:33.392907,2C:3A:E8:0E:DE:A0,90.69,41.80
2017-09-13T20:32:49.303789,5C:CF:7F:4C:5F:2B,89.70,42.04
2017-09-13T20:32:54.106753,5C:CF:7F:33:F7:F8,84.88,49.64
2017-09-13T20:33:01.191514,2C:3A:E8:0E:DE:A0,90.94,41.60
2017-09-13T20:33:06.583960,5C:CF:7F:4C:60:B7,90.42,41.95
2017-09-13T20:33:07.000075,5C:CF:7F:34:00:63,91.29,40.35
2017-09-13T20:33:22.047834,5C:CF:7F:4C:5F:2B,89.88,41.82
2017-09-13T20:33:44.721214,5C:CF:7F:33:F7:F8,85.03,49.55
2017-09-13T20:33:44.726430,2C:3A:E8:0E:DE:A0,90.99,41.49
2017-09-13T20:33:58.485314,5C:CF:7F:4C:60:B7,90.39,41.90
2017-09-13T20:34:02.201465,5C:CF:7F:34:00:63,91.26,40.36
2017-09-13T20:34:02.203259,5C:CF:7F:4C:5F:2B,89.96,41.76
2017-09-13T20:34:05.577230,2C:3A:E8:0E:DE:A0,91.15,41.32
2017-09-13T20:34:10.613628,5C:CF:7F:34:00:63,91.34,40.36
2017-09-13T20:34:25.468393,5C:CF:7F:33:F7:F8,85.16,49.33
2017-09-13T20:34:25.491221,5C:CF:7F:4C:5F:2B,89.80,41.81
2017-09-13T20:34:36.703750,5C:CF:7F:4C:60:B7,90.37,41.93
2017-09-13T20:34:36.705586,2C:3A:E8:0E:DE:A0,91.07,41.40
2017-09-13T20:34:41.333442,5C:CF:7F:34:00:63,91.34,40.34
2017-09-13T20:35:04.414126,5C:CF:7F:33:F7:F8,85.13,49.38
2017-09-13T20:35:15.310473,5C:CF:7F:4C:60:B7,90.21,42.06
2017-09-13T20:35:15.317986,2C:3A:E8:0E:DE:A0,90.87,41.57
2017-09-13T20:35:15.319694,5C:CF:7F:4C:5F:2B,89.53,42.08
2017-09-13T20:35:22.014828,5C:CF:7F:34:00:63,91.24,40.37
2017-09-13T20:35:52.765227,5C:CF:7F:33:F7:F8,85.10,49.35
2017-09-13T20:35:52.772203,2C:3A:E8:0E:DE:A0,90.92,41.43
2017-09-13T20:35:52.773687,5C:CF:7F:4C:5F:2B,89.55,42.06
2017-09-13T20:35:52.775282,5C:CF:7F:4C:60:B7,90.19,42.02
2017-09-13T20:35:52.776754,5C:CF:7F:34:00:63,91.16,40.39
2017-09-13T20:36:12.969021,2C:3A:E8:0E:DE:A0,90.82,41.53
2017-09-13T20:36:13.194508,5C:CF:7F:4C:5F:2B,89.50,42.03
2017-09-13T20:36:18.414762,5C:CF:7F:4C:60:B7,90.14,42.12
2017-09-13T20:36:23.267299,5C:CF:7F:34:00:63,91.08,40.49
2017-09-13T20:36:23.474929,5C:CF:7F:33:F7:F8,84.95,49.55
2017-09-13T20:36:43.618964,2C:3A:E8:0E:DE:A0,90.72,41.54
2017-09-13T20:36:43.830634,5C:CF:7F:4C:5F:2B,89.40,42.06
2017-09-13T20:36:49.056062,5C:CF:7F:4C:60:B7,90.21,41.98
2017-09-13T20:36:53.931078,5C:CF:7F:34:00:63,91.08,40.40
2017-09-13T20:37:19.096391,5C:CF:7F:33:F7:F8,84.85,49.41
2017-09-13T20:37:24.547170,5C:CF:7F:4C:5F:2B,89.47,42.08
2017-09-13T20:37:24.582827,2C:3A:E8:0E:DE:A0,90.72,41.60
2017-09-13T20:37:24.584622,5C:CF:7F:4C:60:B7,90.04,42.06
2017-09-13T20:37:24.660173,5C:CF:7F:34:00:63,91.04,40.41
2017-09-13T20:37:51.827592,2C:3A:E8:0E:DE:A0,90.64,41.68
2017-09-13T20:37:51.831808,5C:CF:7F:33:F7:F8,84.75,49.66
2017-09-13T20:37:52.171310,5C:CF:7F:4C:60:B7,90.01,42.10
2017-09-13T20:37:55.210636,5C:CF:7F:4C:5F:2B,89.55,42.13
2017-09-13T20:37:55.476960,5C:CF:7F:34:00:63,91.11,40.45
2017-09-13T20:38:24.309674,5C:CF:7F:33:F7:F8,84.93,49.67
2017-09-13T20:38:24.313978,2C:3A:E8:0E:DE:A0,90.62,41.66
2017-09-13T20:38:24.588778,5C:CF:7F:4C:60:B7,90.17,42.08
2017-09-13T20:38:25.830359,5C:CF:7F:4C:5F:2B,89.66,41.96
2017-09-13T20:38:26.111229,5C:CF:7F:34:00:63,91.01,40.45
2017-09-13T20:38:57.140397,2C:3A:E8:0E:DE:A0,90.74,41.40
2017-09-13T20:38:58.025331,5C:CF:7F:33:F7:F8,84.90,49.29
2017-09-13T20:38:58.029792,5C:CF:7F:4C:5F:2B,89.60,41.91
2017-09-13T20:38:58.031358,5C:CF:7F:34:00:63,91.06,40.28
2017-09-13T20:38:58.033121,5C:CF:7F:4C:60:B7,90.14,41.93
2017-09-13T20:39:27.663992,5C:CF:7F:4C:5F:2B,89.57,41.89
2017-09-13T20:39:27.679042,5C:CF:7F:34:00:63,91.04,40.51
2017-09-13T20:39:32.145450,5C:CF:7F:4C:60:B7,90.19,41.92
2017-09-13T20:39:37.773351,2C:3A:E8:0E:DE:A0,90.77,41.55
2017-09-13T20:39:37.778706,5C:CF:7F:33:F7:F8,84.95,49.54
2017-09-13T20:40:01.078473,5C:CF:7F:34:00:63,90.96,40.51
2017-09-13T20:40:08.616721,5C:CF:7F:4C:5F:2B,89.68,41.79
2017-09-13T20:40:13.761506,5C:CF:7F:4C:60:B7,89.96,42.07
2017-09-13T20:40:13.763298,5C:CF:7F:33:F7:F8,84.93,49.44
2017-09-13T20:40:13.766023,2C:3A:E8:0E:DE:A0,90.52,41.71
2017-09-13T20:40:31.792086,5C:CF:7F:34:00:63,91.14,40.27
2017-09-13T20:40:35.799583,5C:CF:7F:33:F7:F8,84.85,49.39
2017-09-13T20:40:36.236638,5C:CF:7F:4C:60:B7,90.09,41.84
2017-09-13T20:40:44.020508,2C:3A:E8:0E:DE:A0,90.64,41.65
2017-09-13T20:40:49.322878,5C:CF:7F:4C:5F:2B,89.60,41.88
2017-09-13T20:41:12.412060,5C:CF:7F:34:00:63,91.16,40.29
2017-09-13T20:41:12.417827,5C:CF:7F:4C:60:B7,90.17,41.83
2017-09-13T20:41:12.419396,5C:CF:7F:33:F7:F8,84.88,49.42
2017-09-13T20:41:19.760137,2C:3A:E8:0E:DE:A0,90.74,41.51
2017-09-13T20:41:43.172256,5C:CF:7F:4C:5F:2B,89.47,41.99
2017-09-13T20:41:43.174073,5C:CF:7F:33:F7:F8,84.80,49.53
2017-09-13T20:41:43.175676,5C:CF:7F:4C:60:B7,90.17,41.87
2017-09-13T20:41:43.177304,5C:CF:7F:34:00:63,90.93,40.42
2017-09-13T20:41:50.425572,2C:3A:E8:0E:DE:A0,90.74,41.32
2017-09-13T20:42:11.873262,5C:CF:7F:33:F7:F8,84.78,49.56
2017-09-13T20:42:11.880790,5C:CF:7F:4C:60:B7,90.17,41.85
2017-09-13T20:42:12.375099,5C:CF:7F:4C:5F:2B,89.78,41.65
2017-09-13T20:42:13.663659,5C:CF:7F:34:00:63,91.04,40.46
2017-09-13T20:42:21.055957,2C:3A:E8:0E:DE:A0,90.77,41.43
2017-09-13T20:42:42.489254,5C:CF:7F:4C:60:B7,90.17,41.85
2017-09-13T20:42:42.634115,5C:CF:7F:33:F7:F8,84.70,49.54
2017-09-13T20:42:43.091112,5C:CF:7F:4C:5F:2B,89.80,41.66
2017-09-13T20:42:44.301560,5C:CF:7F:34:00:63,91.06,40.39
2017-09-13T20:43:24.932327,2C:3A:E8:0E:DE:A0,90.84,41.44
2017-09-13T20:43:24.934178,5C:CF:7F:4C:5F:2B,89.76,41.59
2017-09-13T20:43:24.935911,5C:CF:7F:33:F7:F8,84.73,49.61
2017-09-13T20:43:24.937534,5C:CF:7F:4C:60:B7,90.17,41.88
2017-09-13T20:43:24.939127,5C:CF:7F:34:00:63,91.01,40.41
2017-09-13T20:43:44.461173,5C:CF:7F:4C:5F:2B,89.78,41.60
2017-09-13T20:43:46.864894,5C:CF:7F:33:F7:F8,84.75,49.52
2017-09-13T20:43:49.705843,5C:CF:7F:4C:60:B7,90.04,41.96
2017-09-13T20:43:49.710018,2C:3A:E8:0E:DE:A0,90.79,41.35
2017-09-13T20:43:49.711632,5C:CF:7F:34:00:63,90.93,40.50
2017-09-13T20:44:15.087086,5C:CF:7F:4C:5F:2B,89.83,41.58
2017-09-13T20:44:19.343658,5C:CF:7F:33:F7:F8,84.78,49.47
2017-09-13T20:44:29.441550,2C:3A:E8:0E:DE:A0,90.72,41.47
2017-09-13T20:44:29.445744,5C:CF:7F:34:00:63,90.93,40.43
2017-09-13T20:44:29.447433,5C:CF:7F:4C:60:B7,90.04,41.90
2017-09-13T20:44:45.749599,5C:CF:7F:4C:5F:2B,89.68,41.65
2017-09-13T20:45:06.053842,5C:CF:7F:33:F7:F8,84.80,49.43
2017-09-13T20:45:06.058109,5C:CF:7F:4C:60:B7,90.06,41.86
2017-09-13T20:45:06.059788,5C:CF:7F:34:00:63,90.91,40.29
2017-09-13T20:45:06.061301,2C:3A:E8:0E:DE:A0,90.54,41.51
2017-09-13T20:45:16.436279,5C:CF:7F:4C:5F:2B,89.70,41.61
2017-09-13T20:45:33.947969,5C:CF:7F:4C:60:B7,90.06,41.91
2017-09-13T20:45:34.765038,5C:CF:7F:34:00:63,90.88,40.45
2017-09-13T20:45:34.769257,2C:3A:E8:0E:DE:A0,90.49,41.65
2017-09-13T20:45:36.705712,5C:CF:7F:33:F7:F8,84.70,49.43
2017-09-13T20:45:47.165776,5C:CF:7F:4C:5F:2B,89.78,41.63
